COD;Nombre;T3_Unidad;T3_Escala;Fecha;T3_Periodo;T3_TipoDato;Anyo;Valor;MetaData_json;tabla_id;_meta.fecha_extraccion
DPOP1;Total Nacional. Total. Total habitantes. Personas. ;Personas; ;2021-01-01T00:00:00.000+01:00;A;Definitivo;2021;47385107.0;"[{""Id"": 16473, ""T3_Variable"": ""Comunidades y Ciudades Autónomas"", ""Nombre"": ""Total"", ""Codigo"": ""00""}, {""Id"": 451, ""T3_Variable"": ""Sexo"", ""Nombre"": ""Total"", ""Codigo"": ""0""}, {""Id"": 8677, ""T3_Variable"": ""Tamaño de los municipios"", ""Nombre"": ""Total habitantes"", ""Codigo"": ""0""}, {""Id"": 20258, ""T3_Variable"": ""Tipo de dato"", ""Nombre"": ""Personas"", ""Codigo"": """"}]";2852;2026-09-07T22:13:34.997660
DPOP2;Total Nacional. Hombres. Total habitantes. Personas. ;Personas; ;2021-01-01T00:00:00.000+01:00;A;Definitivo;2021;23222953.0;"[{""Id"": 16473, ""T3_Variable"": ""Comunidades y Ciudades Autónomas"", ""Nombre"": ""Total"", ""Codigo"": ""00""}, {""Id"": 452, ""T3_Variable"": ""Sexo"", ""Nombre"": ""Hombres"", ""Codigo"": ""1""}, {""Id"": 8677, ""T3_Variable"": ""Tamaño de los municipios"", ""Nombre"": ""Total habitantes"", ""Codigo"": ""0""}, {""Id"": 20258, ""T3_Variable"": ""Tipo de dato"", ""Nombre"": ""Personas"", ""Codigo"": """"}]";2852;2026-09-07T22:13:34.997660
DPOP3;Total Nacional. Mujeres. Total habitantes. Personas. ;Personas; ;2021-01-01T00:00:00.000+01:00;A;Definitivo;2021;24162154.0;"[{""Id"": 16473, ""T3_Variable"": ""Comunidades y Ciudades Autónomas"", ""Nombre"": ""Total"", ""Codigo"": ""00""}, {""Id"": 453, ""T3_Variable"": ""Sexo"", ""Nombre"": ""Mujeres"", ""Codigo"": ""2""}, {""Id"": 8677, ""T3_Variable"": ""Tamaño de los municipios"", ""Nombre"": ""Total habitantes"", ""Codigo"": ""0""}, {""Id"": 20258, ""T3_Variable"": ""Tipo de dato"", ""Nombre"": ""Personas"", ""Codigo"": """"}]";2852;2026-09-07T22:13:34.997660
DPOP160;Albacete. Total. Total habitantes. Personas. ;Personas; ;2021-01-01T00:00:00.000+01:00;A;Definitivo;2021;386464.0;"[{""Id"": 3, ""T3_Variable"": ""Provincias"", ""Nombre"": ""Albacete"", ""Codigo"": ""02""}, {""Id"": 451, ""T3_Variable"": ""Sexo"", ""Nombre"": ""Total"", ""Codigo"": ""0""}, {""Id"": 8677, ""T3_Variable"": ""Tamaño de los municipios"", ""Nombre"": ""Total habitantes"", ""Codigo"": ""0""}, {""Id"": 20258, ""T3_Variable"": ""Tipo de dato"", ""Nombre"": ""Personas"", ""Codigo"": """"}]";2852;2026-09-07T22:13:34.997660
DPOP161;Albacete. Hombres. Total habitantes. Personas. ;Personas; ;2021-01-01T00:00:00.000+01:00;A;Definitivo;2021;193205.0;"[{""Id"": 3, ""T3_Variable"": ""Provincias"", ""Nombre"": ""Albacete"", ""Codigo"": ""02""}, {""Id"": 452, ""T3_Variable"": ""Sexo"", ""Nombre"": ""Hombres"", ""Codigo"": ""1""}, {""Id"": 8677, ""T3_Variable"": ""Tamaño de los municipios"", ""Nombre"": ""Total habitantes"", ""Codigo"": ""0""}, {""Id"": 20258, ""T3_Variable"": ""Tipo de dato"", ""Nombre"": ""Personas"", ""Codigo"": """"}]";2852;2026-09-07T22:13:34.997660
DPOP162;Albacete. Mujeres. Total habitantes. Personas. ;Personas; ;2021-01-01T00:00:00.000+01:00;A;Definitivo;2021;193259.0;"[{""Id"": 3, ""T3_Variable"": ""Provincias"", ""Nombre"": ""Albacete"", ""Codigo"": ""02""}, {""Id"": 453, ""T3_Variable"": ""Sexo"", ""Nombre"": ""Mujeres"", ""Codigo"": ""2""}, {""Id"": 8677, ""T3_Variable"": ""Tamaño de los municipios"", ""Nombre"": ""Total habitantes"", ""Codigo"": ""0""}, {""Id"": 20258, ""T3_Variable"": ""Tipo de dato"", ""Nombre"": ""Personas"", ""Codigo"": """"}]";2852;2026-09-07T22:13:34.997660
DPOP424;Alicante/Alacant. Total. Total habitantes. Personas. ;Personas; ;2021-01-01T00:00:00.000+01:00;A;Definitivo;2021;1881762.0;"[{""Id"": 4, ""T3_Variable"": ""Provincias"", ""Nombre"": ""Alicante/Alacant"", ""Codigo"": ""03""}, {""Id"": 451, ""T3_Variable"": ""Sexo"", ""Nombre"": ""Total"", ""Codigo"": ""0""}, {""Id"": 8677, ""T3_Variable"": ""Tamaño de los municipios"", ""Nombre"": ""Total habitantes"", ""Codigo"": ""0""}, {""Id"": 20258, ""T3_Variable"": ""Tipo de dato"", ""Nombre"": ""Personas"", ""Codigo"": """"}]";2852;2026-09-07T22:13:34.997660
DPOP425;Alicante/Alacant. Hombres. Total habitantes. Personas. ;Personas; ;2021-01-01T00:00:00.000+01:00;A;Definitivo;2021;932018.0;"[{""Id"": 4, ""T3_Variable"": ""Provincias"", ""Nombre"": ""Alicante/Alacant"", ""Codigo"": ""03""}, {""Id"": 452, ""T3_Variable"": ""Sexo"", ""Nombre"": ""Hombres"", ""Codigo"": ""1""}, {""Id"": 8677, ""T3_Variable"": ""Tamaño de los municipios"", ""Nombre"": ""Total habitantes"", ""Codigo"": ""0""}, {""Id"": 20258, ""T3_Variable"": ""Tipo de dato"", ""Nombre"": ""Personas"", ""Codigo"": """"}]";2852;2026-09-07T22:13:34.997660
DPOP426;Alicante/Alacant. Mujeres. Total habitantes. Personas. ;Personas; ;2021-01-01T00:00:00.000+01:00;A;Definitivo;2021;949744.0;"[{""Id"": 4, ""T3_Variable"": ""Provincias"", ""Nombre"": ""Alicante/Alacant"", ""Codigo"": ""03""}, {""Id"": 453, ""T3_Variable"": ""Sexo"", ""Nombre"": ""Mujeres"", ""Codigo"": ""2""}, {""Id"": 8677, ""T3_Variable"": ""Tamaño de los municipios"", ""Nombre"": ""Total habitantes"", ""Codigo"": ""0""}, {""Id"": 20258, ""T3_Variable"": ""Tipo de dato"", ""Nombre"": ""Personas"", ""Codigo"": """"}]";2852;2026-09-07T22:13:34.997660
DPOP850;Almería. Total. Total habitantes. Personas. ;Personas; ;2021-01-01T00:00:00.000+01:00;A;Definitivo;2021;731792.0;"[{""Id"": 5, ""T3_Variable"": ""Provincias"", ""Nombre"": ""Almería"", ""Codigo"": ""04""}, {""Id"": 451, ""T3_Variable"": ""Sexo"", ""Nombre"": ""Total"", ""Codigo"": ""0""}, {""Id"": 8677, ""T3_Variable"": ""Tamaño de los municipios"", ""Nombre"": ""Total habitantes"", ""Codigo"": ""0""}, {""Id"": 20258, ""T3_Variable"": ""Tipo de dato"", ""Nombre"": ""Personas"", ""Codigo"": """"}]";2852;2026-09-07T22:13:34.997660
DPOP851;Almería. Hombres. Total habitantes. Personas. ;Personas; ;2021-01-01T00:00:00.000+01:00;A;Definitivo;2021;373136.0;"[{""Id"": 5, ""T3_Variable"": ""Provincias"", ""Nombre"": ""Almería"", ""Codigo"": ""04""}, {""Id"": 452, ""T3_Variable"": ""Sexo"", ""Nombre"": ""Hombres"", ""Codigo"": ""1""}, {""Id"": 8677, ""T3_Variable"": ""Tamaño de los municipios"", ""Nombre"": ""Total habitantes"", ""Codigo"": ""0""}, {""Id"": 20258, ""T3_Variable"": ""Tipo de dato"", ""Nombre"": ""Personas"", ""Codigo"": """"}]";2852;2026-09-07T22:13:34.997660
DPOP852;Almería. Mujeres. Total habitantes. Personas. ;Personas; ;2021-01-01T00:00:00.000+01:00;A;Definitivo;2021;358656.0;"[{""Id"": 5, ""T3_Variable"": ""Provincias"", ""Nombre"": ""Almería"", ""Codigo"": ""04""}, {""Id"": 453, ""T3_Variable"": ""Sexo"", ""Nombre"": ""Mujeres"", ""Codigo"": ""2""}, {""Id"": 8677, ""T3_Variable"": ""Tamaño de los municipios"", ""Nombre"": ""Total habitantes"", ""Codigo"": ""0""}, {""Id"": 20258, ""T3_Variable"": ""Tipo de dato"", ""Nombre"": ""Personas"", ""Codigo"": """"}]";2852;2026-09-07T22:13:34.997660
DPOP4;Araba/Álava. Total. Total habitantes. Personas. ;Personas; ;2021-01-01T00:00:00.000+01:00;A;Definitivo;2021;333626.0;"[{""Id"": 2, ""T3_Variable"": ""Provincias"", ""Nombre"": ""Araba/Álava"", ""Codigo"": ""01""}, {""Id"": 451, ""T3_Variable"": ""Sexo"", ""Nombre"": ""Total"", ""Codigo"": ""0""}, {""Id"": 8677, ""T3_Variable"": ""Tamaño de los municipios"", ""Nombre"": ""Total habitantes"", ""Codigo"": ""0""}, {""Id"": 20258, ""T3_Variable"": ""Tipo de dato"", ""Nombre"": ""Personas"", ""Codigo"": """"}]";2852;2026-09-07T22:13:34.997660
DPOP5;Araba/Álava. Hombres. Total habitantes. Personas. ;Personas; ;2021-01-01T00:00:00.000+01:00;A;Definitivo;2021;164252.0;"[{""Id"": 2, ""T3_Variable"": ""Provincias"", ""Nombre"": ""Araba/Álava"", ""Codigo"": ""01""}, {""Id"": 452, ""T3_Variable"": ""Sexo"", ""Nombre"": ""Hombres"", ""Codigo"": ""1""}, {""Id"": 8677, ""T3_Variable"": ""Tamaño de los municipios"", ""Nombre"": ""Total habitantes"", ""Codigo"": ""0""}, {""Id"": 20258, ""T3_Variable"": ""Tipo de dato"", ""Nombre"": ""Personas"", ""Codigo"": """"}]";2852;2026-09-07T22:13:34.997660
DPOP6;Araba/Álava. Mujeres. Total habitantes. Personas. ;Personas; ;2021-01-01T00:00:00.000+01:00;A;Definitivo;2021;169374.0;"[{""Id"": 2, ""T3_Variable"": ""Provincias"", ""Nombre"": ""Araba/Álava"", ""Codigo"": ""01""}, {""Id"": 453, ""T3_Variable"": ""Sexo"", ""Nombre"": ""Mujeres"", ""Codigo"": ""2""}, {""Id"": 8677, ""T3_Variable"": ""Tamaño de los municipios"", ""Nombre"": ""Total habitantes"", ""Codigo"": ""0""}, {""Id"": 20258, ""T3_Variable"": ""Tipo de dato"", ""Nombre"": ""Personas"", ""Codigo"": """"}]";2852;2026-09-07T22:13:34.997660
DPOP15001;Asturias. Total. Total habitantes. Personas. ;Personas; ;2021-01-01T00:00:00.000+01:00;A;Definitivo;2021;1011792.0;"[{""Id"": 33, ""T3_Variable"": ""Provincias"", ""Nombre"": ""Asturias"", ""Codigo"": ""33""}, {""Id"": 451, ""T3_Variable"": ""Sexo"", ""Nombre"": ""Total"", ""Codigo"": ""0""}, {""Id"": 8677, ""T3_Variable"": ""Tamaño de los municipios"", ""Nombre"": ""Total habitantes"", ""Codigo"": ""0""}, {""Id"": 20258, ""T3_Variable"": ""Tipo de dato"", ""Nombre"": ""Personas"", ""Codigo"": """"}]";2852;2026-09-07T22:13:34.997660
DPOP15002;Asturias. Hombres. Total habitantes. Personas. ;Personas; ;2021-01-01T00:00:00.000+01:00;A;Definitivo;2021;482665.0;"[{""Id"": 33, ""T3_Variable"": ""Provincias"", ""Nombre"": ""Asturias"", ""Codigo"": ""33""}, {""Id"": 452, ""T3_Variable"": ""Sexo"", ""Nombre"": ""Hombres"", ""Codigo"": ""1""}, {""Id"": 8677, ""T3_Variable"": ""Tamaño de los municipios"", ""Nombre"": ""Total habitantes"", ""Codigo"": ""0""}, {""Id"": 20258, ""T3_Variable"": ""Tipo de dato"", ""Nombre"": ""Personas"", ""Codigo"": """"}]";2852;2026-09-07T22:13:34.997660
DPOP15003;Asturias. Mujeres. Total habitantes. Personas. ;Personas; ;2021-01-01T00:00:00.000+01:00;A;Definitivo;2021;529127.0;"[{""Id"": 33, ""T3_Variable"": ""Provincias"", ""Nombre"": ""Asturias"", ""Codigo"": ""33""}, {""Id"": 453, ""T3_Variable"": ""Sexo"", ""Nombre"": ""Mujeres"", ""Codigo"": ""2""}, {""Id"": 8677, ""T3_Variable"": ""Tamaño de los municipios"", ""Nombre"": ""Total habitantes"", ""Codigo"": ""0""}, {""Id"": 20258, ""T3_Variable"": ""Tipo de dato"", ""Nombre"": ""Personas"", ""Codigo"": """"}]";2852;2026-09-07T22:13:34.997660
DPOP1162;Ávila. Total. Total habitantes. Personas. ;Personas; ;2021-01-01T00:00:00.000+01:00;A;Definitivo;2021;158421.0;"[{""Id"": 6, ""T3_Variable"": ""Provincias"", ""Nombre"": ""Ávila"", ""Codigo"": ""05""}, {""Id"": 451, ""T3_Variable"": ""Sexo"", ""Nombre"": ""Total"", ""Codigo"": ""0""}, {""Id"": 8677, ""T3_Variable"": ""Tamaño de los municipios"", ""Nombre"": ""Total habitantes"", ""Codigo"": ""0""}, {""Id"": 20258, ""T3_Variable"": ""Tipo de dato"", ""Nombre"": ""Personas"", ""Codigo"": """"}]";2852;2026-09-07T22:13:34.997660
DPOP1163;Ávila. Hombres. Total habitantes. Personas. ;Personas; ;2021-01-01T00:00:00.000+01:00;A;Definitivo;2021;79562.0;"[{""Id"": 6, ""T3_Variable"": ""Provincias"", ""Nombre"": ""Ávila"", ""Codigo"": ""05""}, {""Id"": 452, ""T3_Variable"": ""Sexo"", ""Nombre"": ""Hombres"", ""Codigo"": ""1""}, {""Id"": 8677, ""T3_Variable"": ""Tamaño de los municipios"", ""Nombre"": ""Total habitantes"", ""Codigo"": ""0""}, {""Id"": 20258, ""T3_Variable"": ""Tipo de dato"", ""Nombre"": ""Personas"", ""Codigo"": """"}]";2852;2026-09-07T22:13:34.997660
DPOP1164;Ávila. Mujeres. Total habitantes. Personas. ;Personas; ;2021-01-01T00:00:00.000+01:00;A;Definitivo;2021;78859.0;"[{""Id"": 6, ""T3_Variable"": ""Provincias"", ""Nombre"": ""Ávila"", ""Codigo"": ""05""}, {""Id"": 453, ""T3_Variable"": ""Sexo"", ""Nombre"": ""Mujeres"", ""Codigo"": ""2""}, {""Id"": 8677, ""T3_Variable"": ""Tamaño de los municipios"", ""Nombre"": ""Total habitantes"", ""Codigo"": ""0""}, {""Id"": 20258, ""T3_Variable"": ""Tipo de dato"", ""Nombre"": ""Personas"", ""Codigo"": """"}]";2852;2026-09-07T22:13:34.997660
DPOP1909;Badajoz. Total. Total habitantes. Personas. ;Personas; ;2021-01-01T00:00:00.000+01:00;A;Definitivo;2021;669943.0;"[{""Id"": 7, ""T3_Variable"": ""Provincias"", ""Nombre"": ""Badajoz"", ""Codigo"": ""06""}, {""Id"": 451, ""T3_Variable"": ""Sexo"", ""Nombre"": ""Total"", ""Codigo"": ""0""}, {""Id"": 8677, ""T3_Variable"": ""Tamaño de los municipios"", ""Nombre"": ""Total habitantes"", ""Codigo"": ""0""}, {""Id"": 20258, ""T3_Variable"": ""Tipo de dato"", ""Nombre"": ""Personas"", ""Codigo"": """"}]";2852;2026-09-07T22:13:34.997660
DPOP1910;Badajoz. Hombres. Total habitantes. Personas. ;Personas; ;2021-01-01T00:00:00.000+01:00;A;Definitivo;2021;331025.0;"[{""Id"": 7, ""T3_Variable"": ""Provincias"", ""Nombre"": ""Badajoz"", ""Codigo"": ""06""}, {""Id"": 452, ""T3_Variable"": ""Sexo"", ""Nombre"": ""Hombres"", ""Codigo"": ""1""}, {""Id"": 8677, ""T3_Variable"": ""Tamaño de los municipios"", ""Nombre"": ""Total habitantes"", ""Codigo"": ""0""}, {""Id"": 20258, ""T3_Variable"": ""Tipo de dato"", ""Nombre"": ""Personas"", ""Codigo"": """"}]";2852;2026-09-07T22:13:34.997660
DPOP1911;Badajoz. Mujeres. Total habitantes. Personas. ;Personas; ;2021-01-01T00:00:00.000+01:00;A;Definitivo;2021;338918.0;"[{""Id"": 7, ""T3_Variable"": ""Provincias"", ""Nombre"": ""Badajoz"", ""Codigo"": ""06""}, {""Id"": 453, ""T3_Variable"": ""Sexo"", ""Nombre"": ""Mujeres"", ""Codigo"": ""2""}, {""Id"": 8677, ""T3_Variable"": ""Tamaño de los municipios"", ""Nombre"": ""Total habitantes"", ""Codigo"": ""0""}, {""Id"": 20258, ""T3_Variable"": ""Tipo de dato"", ""Nombre"": ""Personas"", ""Codigo"": """"}]";2852;2026-09-07T22:13:34.997660
DPOP2404;Balears, Illes. Total. Total habitantes. Personas. ;Personas; ;2021-01-01T00:00:00.000+01:00;A;Definitivo;2021;1173008.0;"[{""Id"": 8, ""T3_Variable"": ""Provincias"", ""Nombre"": ""Balears, Illes"", ""Codigo"": ""07""}, {""Id"": 451, ""T3_Variable"": ""Sexo"", ""Nombre"": ""Total"", ""Codigo"": ""0""}, {""Id"": 8677, ""T3_Variable"": ""Tamaño de los municipios"", ""Nombre"": ""Total habitantes"", ""Codigo"": ""0""}, {""Id"": 20258, ""T3_Variable"": ""Tipo de dato"", ""Nombre"": ""Personas"", ""Codigo"": """"}]";2852;2026-09-07T22:13:34.997660
DPOP2405;Balears, Illes. Hombres. Total habitantes. Personas. ;Personas; ;2021-01-01T00:00:00.000+01:00;A;Definitivo;2021;584853.0;"[{""Id"": 8, ""T3_Variable"": ""Provincias"", ""Nombre"": ""Balears, Illes"", ""Codigo"": ""07""}, {""Id"": 452, ""T3_Variable"": ""Sexo"", ""Nombre"": ""Hombres"", ""Codigo"": ""1""}, {""Id"": 8677, ""T3_Variable"": ""Tamaño de los municipios"", ""Nombre"": ""Total habitantes"", ""Codigo"": ""0""}, {""Id"": 20258, ""T3_Variable"": ""Tipo de dato"", ""Nombre"": ""Personas"", ""Codigo"": """"}]";2852;2026-09-07T22:13:34.997660
DPOP2406;Balears, Illes. Mujeres. Total habitantes. Personas. ;Personas; ;2021-01-01T00:00:00.000+01:00;A;Definitivo;2021;588155.0;"[{""Id"": 8, ""T3_Variable"": ""Provincias"", ""Nombre"": ""Balears, Illes"", ""Codigo"": ""07""}, {""Id"": 453, ""T3_Variable"": ""Sexo"", ""Nombre"": ""Mujeres"", ""Codigo"": ""2""}, {""Id"": 8677, ""T3_Variable"": ""Tamaño de los municipios"", ""Nombre"": ""Total habitantes"", ""Codigo"": ""0""}, {""Id"": 20258, ""T3_Variable"": ""Tipo de dato"", ""Nombre"": ""Personas"", ""Codigo"": """"}]";2852;2026-09-07T22:13:34.997660
DPOP2608;Barcelona. Total. Total habitantes. Personas. ;Personas; ;2021-01-01T00:00:00.000+01:00;A;Definitivo;2021;5714730.0;"[{""Id"": 9, ""T3_Variable"": ""Provincias"", ""Nombre"": ""Barcelona"", ""Codigo"": ""08""}, {""Id"": 451, ""T3_Variable"": ""Sexo"", ""Nombre"": ""Total"", ""Codigo"": ""0""}, {""Id"": 8677, ""T3_Variable"": ""Tamaño de los municipios"", ""Nombre"": ""Total habitantes"", ""Codigo"": ""0""}, {""Id"": 20258, ""T3_Variable"": ""Tipo de dato"", ""Nombre"": ""Personas"", ""Codigo"": """"}]";2852;2026-09-07T22:13:34.997660
DPOP2609;Barcelona. Hombres. Total habitantes. Personas. ;Personas; ;2021-01-01T00:00:00.000+01:00;A;Definitivo;2021;2791250.0;"[{""Id"": 9, ""T3_Variable"": ""Provincias"", ""Nombre"": ""Barcelona"", ""Codigo"": ""08""}, {""Id"": 452, ""T3_Variable"": ""Sexo"", ""Nombre"": ""Hombres"", ""Codigo"": ""1""}, {""Id"": 8677, ""T3_Variable"": ""Tamaño de los municipios"", ""Nombre"": ""Total habitantes"", ""Codigo"": ""0""}, {""Id"": 20258, ""T3_Variable"": ""Tipo de dato"", ""Nombre"": ""Personas"", ""Codigo"": """"}]";2852;2026-09-07T22:13:34.997660
DPOP2610;Barcelona. Mujeres. Total habitantes. Personas. ;Personas; ;2021-01-01T00:00:00.000+01:00;A;Definitivo;2021;2923480.0;"[{""Id"": 9, ""T3_Variable"": ""Provincias"", ""Nombre"": ""Barcelona"", ""Codigo"": ""08""}, {""Id"": 453, ""T3_Variable"": ""Sexo"", ""Nombre"": ""Mujeres"", ""Codigo"": ""2""}, {""Id"": 8677, ""T3_Variable"": ""Tamaño de los municipios"", ""Nombre"": ""Total habitantes"", ""Codigo"": ""0""}, {""Id"": 20258, ""T3_Variable"": ""Tipo de dato"", ""Nombre"": ""Personas"", ""Codigo"": """"}]";2852;2026-09-07T22:13:34.997660
DPOP22522;Bizkaia. Total. Total habitantes. Personas. ;Personas; ;2021-01-01T00:00:00.000+01:00;A;Definitivo;2021;1154334.0;"[{""Id"": 48, ""T3_Variable"": ""Provincias"", ""Nombre"": ""Bizkaia"", ""Codigo"": ""48""}, {""Id"": 451, ""T3_Variable"": ""Sexo"", ""Nombre"": ""Total"", ""Codigo"": ""0""}, {""Id"": 8677, ""T3_Variable"": ""Tamaño de los municipios"", ""Nombre"": ""Total habitantes"", ""Codigo"": ""0""}, {""Id"": 20258, ""T3_Variable"": ""Tipo de dato"", ""Nombre"": ""Personas"", ""Codigo"": """"}]";2852;2026-09-07T22:13:34.997660
DPOP22523;Bizkaia. Hombres. Total habitantes. Personas. ;Personas; ;2021-01-01T00:00:00.000+01:00;A;Definitivo;2021;557416.0;"[{""Id"": 48, ""T3_Variable"": ""Provincias"", ""Nombre"": ""Bizkaia"", ""Codigo"": ""48""}, {""Id"": 452, ""T3_Variable"": ""Sexo"", ""Nombre"": ""Hombres"", ""Codigo"": ""1""}, {""Id"": 8677, ""T3_Variable"": ""Tamaño de los municipios"", ""Nombre"": ""Total habitantes"", ""Codigo"": ""0""}, {""Id"": 20258, ""T3_Variable"": ""Tipo de dato"", ""Nombre"": ""Personas"", ""Codigo"": """"}]";2852;2026-09-07T22:13:34.997660
DPOP22524;Bizkaia. Mujeres. Total habitantes. Personas. ;Personas; ;2021-01-01T00:00:00.000+01:00;A;Definitivo;2021;596918.0;"[{""Id"": 48, ""T3_Variable"": ""Provincias"", ""Nombre"": ""Bizkaia"", ""Codigo"": ""48""}, {""Id"": 453, ""T3_Variable"": ""Sexo"", ""Nombre"": ""Mujeres"", ""Codigo"": ""2""}, {""Id"": 8677, ""T3_Variable"": ""Tamaño de los municipios"", ""Nombre"": ""Total habitantes"", ""Codigo"": ""0""}, {""Id"": 20258, ""T3_Variable"": ""Tipo de dato"", ""Nombre"": ""Personas"", ""Codigo"": """"}]";2852;2026-09-07T22:13:34.997660
DPOP3544;Burgos. Total. Total habitantes. Personas. ;Personas; ;2021-01-01T00:00:00.000+01:00;A;Definitivo;2021;356055.0;"[{""Id"": 10, ""T3_Variable"": ""Provincias"", ""Nombre"": ""Burgos"", ""Codigo"": ""09""}, {""Id"": 451, ""T3_Variable"": ""Sexo"", ""Nombre"": ""Total"", ""Codigo"": ""0""}, {""Id"": 8677, ""T3_Variable"": ""Tamaño de los municipios"", ""Nombre"": ""Total habitantes"", ""Codigo"": ""0""}, {""Id"": 20258, ""T3_Variable"": ""Tipo de dato"", ""Nombre"": ""Personas"", ""Codigo"": """"}]";2852;2026-09-07T22:13:34.997660
DPOP3545;Burgos. Hombres. Total habitantes. Personas. ;Personas; ;2021-01-01T00:00:00.000+01:00;A;Definitivo;2021;177920.0;"[{""Id"": 10, ""T3_Variable"": ""Provincias"", ""Nombre"": ""Burgos"", ""Codigo"": ""09""}, {""Id"": 452, ""T3_Variable"": ""Sexo"", ""Nombre"": ""Hombres"", ""Codigo"": ""1""}, {""Id"": 8677, ""T3_Variable"": ""Tamaño de los municipios"", ""Nombre"": ""Total habitantes"", ""Codigo"": ""0""}, {""Id"": 20258, ""T3_Variable"": ""Tipo de dato"", ""Nombre"": ""Personas"", ""Codigo"": """"}]";2852;2026-09-07T22:13:34.997660
DPOP3546;Burgos. Mujeres. Total habitantes. Personas. ;Personas; ;2021-01-01T00:00:00.000+01:00;A;Definitivo;2021;178135.0;"[{""Id"": 10, ""T3_Variable"": ""Provincias"", ""Nombre"": ""Burgos"", ""Codigo"": ""09""}, {""Id"": 453, ""T3_Variable"": ""Sexo"", ""Nombre"": ""Mujeres"", ""Codigo"": ""2""}, {""Id"": 8677, ""T3_Variable"": ""Tamaño de los municipios"", ""Nombre"": ""Total habitantes"", ""Codigo"": ""0""}, {""Id"": 20258, ""T3_Variable"": ""Tipo de dato"", ""Nombre"": ""Personas"", ""Codigo"": """"}]";2852;2026-09-07T22:13:34.997660
DPOP4660;Cáceres. Total. Total habitantes. Personas. ;Personas; ;2021-01-01T00:00:00.000+01:00;A;Definitivo;2021;389558.0;"[{""Id"": 11, ""T3_Variable"": ""Provincias"", ""Nombre"": ""Cáceres"", ""Codigo"": ""10""}, {""Id"": 451, ""T3_Variable"": ""Sexo"", ""Nombre"": ""Total"", ""Codigo"": ""0""}, {""Id"": 8677, ""T3_Variable"": ""Tamaño de los municipios"", ""Nombre"": ""Total habitantes"", ""Codigo"": ""0""}, {""Id"": 20258, ""T3_Variable"": ""Tipo de dato"", ""Nombre"": ""Personas"", ""Codigo"": """"}]";2852;2026-09-07T22:13:34.997660
DPOP4661;Cáceres. Hombres. Total habitantes. Personas. ;Personas; ;2021-01-01T00:00:00.000+01:00;A;Definitivo;2021;192951.0;"[{""Id"": 11, ""T3_Variable"": ""Provincias"", ""Nombre"": ""Cáceres"", ""Codigo"": ""10""}, {""Id"": 452, ""T3_Variable"": ""Sexo"", ""Nombre"": ""Hombres"", ""Codigo"": ""1""}, {""Id"": 8677, ""T3_Variable"": ""Tamaño de los municipios"", ""Nombre"": ""Total habitantes"", ""Codigo"": ""0""}, {""Id"": 20258, ""T3_Variable"": ""Tipo de dato"", ""Nombre"": ""Personas"", ""Codigo"": """"}]";2852;2026-09-07T22:13:34.997660
DPOP4662;Cáceres. Mujeres. Total habitantes. Personas. ;Personas; ;2021-01-01T00:00:00.000+01:00;A;Definitivo;2021;196607.0;"[{""Id"": 11, ""T3_Variable"": ""Provincias"", ""Nombre"": ""Cáceres"", ""Codigo"": ""10""}, {""Id"": 453, ""T3_Variable"": ""Sexo"", ""Nombre"": ""Mujeres"", ""Codigo"": ""2""}, {""Id"": 8677, ""T3_Variable"": ""Tamaño de los municipios"", ""Nombre"": ""Total habitantes"", ""Codigo"": ""0""}, {""Id"": 20258, ""T3_Variable"": ""Tipo de dato"", ""Nombre"": ""Personas"", ""Codigo"": """"}]";2852;2026-09-07T22:13:34.997660
DPOP5320;Cádiz. Total. Total habitantes. Personas. ;Personas; ;2021-01-01T00:00:00.000+01:00;A;Definitivo;2021;1245960.0;"[{""Id"": 12, ""T3_Variable"": ""Provincias"", ""Nombre"": ""Cádiz"", ""Codigo"": ""11""}, {""Id"": 451, ""T3_Variable"": ""Sexo"", ""Nombre"": ""Total"", ""Codigo"": ""0""}, {""Id"": 8677, ""T3_Variable"": ""Tamaño de los municipios"", ""Nombre"": ""Total habitantes"", ""Codigo"": ""0""}, {""Id"": 20258, ""T3_Variable"": ""Tipo de dato"", ""Nombre"": ""Personas"", ""Codigo"": """"}]";2852;2026-09-07T22:13:34.997660
DPOP5321;Cádiz. Hombres. Total habitantes. Personas. ;Personas; ;2021-01-01T00:00:00.000+01:00;A;Definitivo;2021;614084.0;"[{""Id"": 12, ""T3_Variable"": ""Provincias"", ""Nombre"": ""Cádiz"", ""Codigo"": ""11""}, {""Id"": 452, ""T3_Variable"": ""Sexo"", ""Nombre"": ""Hombres"", ""Codigo"": ""1""}, {""Id"": 8677, ""T3_Variable"": ""Tamaño de los municipios"", ""Nombre"": ""Total habitantes"", ""Codigo"": ""0""}, {""Id"": 20258, ""T3_Variable"": ""Tipo de dato"", ""Nombre"": ""Personas"", ""Codigo"": """"}]";2852;2026-09-07T22:13:34.997660
DPOP5322;Cádiz. Mujeres. Total habitantes. Personas. ;Personas; ;2021-01-01T00:00:00.000+01:00;A;Definitivo;2021;631876.0;"[{""Id"": 12, ""T3_Variable"": ""Provincias"", ""Nombre"": ""Cádiz"", ""Codigo"": ""11""}, {""Id"": 453, ""T3_Variable"": ""Sexo"", ""Nombre"": ""Mujeres"", ""Codigo"": ""2""}, {""Id"": 8677, ""T3_Variable"": ""Tamaño de los municipios"", ""Nombre"": ""Total habitantes"", ""Codigo"": ""0""}, {""Id"": 20258, ""T3_Variable"": ""Tipo de dato"", ""Nombre"": ""Personas"", ""Codigo"": """"}]";2852;2026-09-07T22:13:34.997660
DPOP17359;Cantabria. Total. Total habitantes. Personas. ;Personas; ;2021-01-01T00:00:00.000+01:00;A;Definitivo;2021;584507.0;"[{""Id"": 39, ""T3_Variable"": ""Provincias"", ""Nombre"": ""Cantabria"", ""Codigo"": ""39""}, {""Id"": 451, ""T3_Variable"": ""Sexo"", ""Nombre"": ""Total"", ""Codigo"": ""0""}, {""Id"": 8677, ""T3_Variable"": ""Tamaño de los municipios"", ""Nombre"": ""Total habitantes"", ""Codigo"": ""0""}, {""Id"": 20258, ""T3_Variable"": ""Tipo de dato"", ""Nombre"": ""Personas"", ""Codigo"": """"}]";2852;2026-09-07T22:13:34.997660
DPOP17360;Cantabria. Hombres. Total habitantes. Personas. ;Personas; ;2021-01-01T00:00:00.000+01:00;A;Definitivo;2021;283378.0;"[{""Id"": 39, ""T3_Variable"": ""Provincias"", ""Nombre"": ""Cantabria"", ""Codigo"": ""39""}, {""Id"": 452, ""T3_Variable"": ""Sexo"", ""Nombre"": ""Hombres"", ""Codigo"": ""1""}, {""Id"": 8677, ""T3_Variable"": ""Tamaño de los municipios"", ""Nombre"": ""Total habitantes"", ""Codigo"": ""0""}, {""Id"": 20258, ""T3_Variable"": ""Tipo de dato"", ""Nombre"": ""Personas"", ""Codigo"": """"}]";2852;2026-09-07T22:13:34.997660
DPOP17361;Cantabria. Mujeres. Total habitantes. Personas. ;Personas; ;2021-01-01T00:00:00.000+01:00;A;Definitivo;2021;301129.0;"[{""Id"": 39, ""T3_Variable"": ""Provincias"", ""Nombre"": ""Cantabria"", ""Codigo"": ""39""}, {""Id"": 453, ""T3_Variable"": ""Sexo"", ""Nombre"": ""Mujeres"", ""Codigo"": ""2""}, {""Id"": 8677, ""T3_Variable"": ""Tamaño de los municipios"", ""Nombre"": ""Total habitantes"", ""Codigo"": ""0""}, {""Id"": 20258, ""T3_Variable"": ""Tipo de dato"", ""Nombre"": ""Personas"", ""Codigo"": """"}]";2852;2026-09-07T22:13:34.997660
DPOP5455;Castellón/Castelló. Total. Total habitantes. Personas. ;Personas; ;2021-01-01T00:00:00.000+01:00;A;Definitivo;2021;587064.0;"[{""Id"": 13, ""T3_Variable"": ""Provincias"", ""Nombre"": ""Castellón/Castelló"", ""Codigo"": ""12""}, {""Id"": 451, ""T3_Variable"": ""Sexo"", ""Nombre"": ""Total"", ""Codigo"": ""0""}, {""Id"": 8677, ""T3_Variable"": ""Tamaño de los municipios"", ""Nombre"": ""Total habitantes"", ""Codigo"": ""0""}, {""Id"": 20258, ""T3_Variable"": ""Tipo de dato"", ""Nombre"": ""Personas"", ""Codigo"": """"}]";2852;2026-09-07T22:13:34.997660
DPOP5456;Castellón/Castelló. Hombres. Total habitantes. Personas. ;Personas; ;2021-01-01T00:00:00.000+01:00;A;Definitivo;2021;291415.0;"[{""Id"": 13, ""T3_Variable"": ""Provincias"", ""Nombre"": ""Castellón/Castelló"", ""Codigo"": ""12""}, {""Id"": 452, ""T3_Variable"": ""Sexo"", ""Nombre"": ""Hombres"", ""Codigo"": ""1""}, {""Id"": 8677, ""T3_Variable"": ""Tamaño de los municipios"", ""Nombre"": ""Total habitantes"", ""Codigo"": ""0""}, {""Id"": 20258, ""T3_Variable"": ""Tipo de dato"", ""Nombre"": ""Personas"", ""Codigo"": """"}]";2852;2026-09-07T22:13:34.997660
DPOP5457;Castellón/Castelló. Mujeres. Total habitantes. Personas. ;Personas; ;2021-01-01T00:00:00.000+01:00;A;Definitivo;2021;295649.0;"[{""Id"": 13, ""T3_Variable"": ""Provincias"", ""Nombre"": ""Castellón/Castelló"", ""Codigo"": ""12""}, {""Id"": 453, ""T3_Variable"": ""Sexo"", ""Nombre"": ""Mujeres"", ""Codigo"": ""2""}, {""Id"": 8677, ""T3_Variable"": ""Tamaño de los municipios"", ""Nombre"": ""Total habitantes"", ""Codigo"": ""0""}, {""Id"": 20258, ""T3_Variable"": ""Tipo de dato"", ""Nombre"": ""Personas"", ""Codigo"": """"}]";2852;2026-09-07T22:13:34.997660
DPOP5866;Ciudad Real. Total. Total habitantes. Personas. ;Personas; ;2021-01-01T00:00:00.000+01:00;A;Definitivo;2021;492591.0;"[{""Id"": 14, ""T3_Variable"": ""Provincias"", ""Nombre"": ""Ciudad Real"", ""Codigo"": ""13""}, {""Id"": 451, ""T3_Variable"": ""Sexo"", ""Nombre"": ""Total"", ""Codigo"": ""0""}, {""Id"": 8677, ""T3_Variable"": ""Tamaño de los municipios"", ""Nombre"": ""Total habitantes"", ""Codigo"": ""0""}, {""Id"": 20258, ""T3_Variable"": ""Tipo de dato"", ""Nombre"": ""Personas"", ""Codigo"": """"}]";2852;2026-09-07T22:13:34.997660
DPOP5867;Ciudad Real. Hombres. Total habitantes. Personas. ;Personas; ;2021-01-01T00:00:00.000+01:00;A;Definitivo;2021;243763.0;"[{""Id"": 14, ""T3_Variable"": ""Provincias"", ""Nombre"": ""Ciudad Real"", ""Codigo"": ""13""}, {""Id"": 452, ""T3_Variable"": ""Sexo"", ""Nombre"": ""Hombres"", ""Codigo"": ""1""}, {""Id"": 8677, ""T3_Variable"": ""Tamaño de los municipios"", ""Nombre"": ""Total habitantes"", ""Codigo"": ""0""}, {""Id"": 20258, ""T3_Variable"": ""Tipo de dato"", ""Nombre"": ""Personas"", ""Codigo"": """"}]";2852;2026-09-07T22:13:34.997660
DPOP5868;Ciudad Real. Mujeres. Total habitantes. Personas. ;Personas; ;2021-01-01T00:00:00.000+01:00;A;Definitivo;2021;248828.0;"[{""Id"": 14, ""T3_Variable"": ""Provincias"", ""Nombre"": ""Ciudad Real"", ""Codigo"": ""13""}, {""Id"": 453, ""T3_Variable"": ""Sexo"", ""Nombre"": ""Mujeres"", ""Codigo"": ""2""}, {""Id"": 8677, ""T3_Variable"": ""Tamaño de los municipios"", ""Nombre"": ""Total habitantes"", ""Codigo"": ""0""}, {""Id"": 20258, ""T3_Variable"": ""Tipo de dato"", ""Nombre"": ""Personas"", ""Codigo"": """"}]";2852;2026-09-07T22:13:34.997660
DPOP6175;Córdoba. Total. Total habitantes. Personas. ;Personas; ;2021-01-01T00:00:00.000+01:00;A;Definitivo;2021;776789.0;"[{""Id"": 15, ""T3_Variable"": ""Provincias"", ""Nombre"": ""Córdoba"", ""Codigo"": ""14""}, {""Id"": 451, ""T3_Variable"": ""Sexo"", ""Nombre"": ""Total"", ""Codigo"": ""0""}, {""Id"": 8677, ""T3_Variable"": ""Tamaño de los municipios"", ""Nombre"": ""Total habitantes"", ""Codigo"": ""0""}, {""Id"": 20258, ""T3_Variable"": ""Tipo de dato"", ""Nombre"": ""Personas"", ""Codigo"": """"}]";2852;2026-09-07T22:13:34.997660
DPOP6176;Córdoba. Hombres. Total habitantes. Personas. ;Personas; ;2021-01-01T00:00:00.000+01:00;A;Definitivo;2021;380473.0;"[{""Id"": 15, ""T3_Variable"": ""Provincias"", ""Nombre"": ""Córdoba"", ""Codigo"": ""14""}, {""Id"": 452, ""T3_Variable"": ""Sexo"", ""Nombre"": ""Hombres"", ""Codigo"": ""1""}, {""Id"": 8677, ""T3_Variable"": ""Tamaño de los municipios"", ""Nombre"": ""Total habitantes"", ""Codigo"": ""0""}, {""Id"": 20258, ""T3_Variable"": ""Tipo de dato"", ""Nombre"": ""Personas"", ""Codigo"": """"}]";2852;2026-09-07T22:13:34.997660
DPOP6177;Córdoba. Mujeres. Total habitantes. Personas. ;Personas; ;2021-01-01T00:00:00.000+01:00;A;Definitivo;2021;396316.0;"[{""Id"": 15, ""T3_Variable"": ""Provincias"", ""Nombre"": ""Córdoba"", ""Codigo"": ""14""}, {""Id"": 453, ""T3_Variable"": ""Sexo"", ""Nombre"": ""Mujeres"", ""Codigo"": ""2""}, {""Id"": 8677, ""T3_Variable"": ""Tamaño de los municipios"", ""Nombre"": ""Total habitantes"", ""Codigo"": ""0""}, {""Id"": 20258, ""T3_Variable"": ""Tipo de dato"", ""Nombre"": ""Personas"", ""Codigo"": """"}]";2852;2026-09-07T22:13:34.997660
DPOP6403;Coruña, A. Total. Total habitantes. Personas. ;Personas; ;2021-01-01T00:00:00.000+01:00;A;Definitivo;2021;1120134.0;"[{""Id"": 16, ""T3_Variable"": ""Provincias"", ""Nombre"": ""Coruña, A"", ""Codigo"": ""15""}, {""Id"": 451, ""T3_Variable"": ""Sexo"", ""Nombre"": ""Total"", ""Codigo"": ""0""}, {""Id"": 8677, ""T3_Variable"": ""Tamaño de los municipios"", ""Nombre"": ""Total habitantes"", ""Codigo"": ""0""}, {""Id"": 20258, ""T3_Variable"": ""Tipo de dato"", ""Nombre"": ""Personas"", ""Codigo"": """"}]";2852;2026-09-07T22:13:34.997660
DPOP6404;Coruña, A. Hombres. Total habitantes. Personas. ;Personas; ;2021-01-01T00:00:00.000+01:00;A;Definitivo;2021;537004.0;"[{""Id"": 16, ""T3_Variable"": ""Provincias"", ""Nombre"": ""Coruña, A"", ""Codigo"": ""15""}, {""Id"": 452, ""T3_Variable"": ""Sexo"", ""Nombre"": ""Hombres"", ""Codigo"": ""1""}, {""Id"": 8677, ""T3_Variable"": ""Tamaño de los municipios"", ""Nombre"": ""Total habitantes"", ""Codigo"": ""0""}, {""Id"": 20258, ""T3_Variable"": ""Tipo de dato"", ""Nombre"": ""Personas"", ""Codigo"": """"}]";2852;2026-09-07T22:13:34.997660
DPOP6405;Coruña, A. Mujeres. Total habitantes. Personas. ;Personas; ;2021-01-01T00:00:00.000+01:00;A;Definitivo;2021;583130.0;"[{""Id"": 16, ""T3_Variable"": ""Provincias"", ""Nombre"": ""Coruña, A"", ""Codigo"": ""15""}, {""Id"": 453, ""T3_Variable"": ""Sexo"", ""Nombre"": ""Mujeres"", ""Codigo"": ""2""}, {""Id"": 8677, ""T3_Variable"": ""Tamaño de los municipios"", ""Nombre"": ""Total habitantes"", ""Codigo"": ""0""}, {""Id"": 20258, ""T3_Variable"": ""Tipo de dato"", ""Nombre"": ""Personas"", ""Codigo"": """"}]";2852;2026-09-07T22:13:34.997660
DPOP6688;Cuenca. Total. Total habitantes. Personas. ;Personas; ;2021-01-01T00:00:00.000+01:00;A;Definitivo;2021;195516.0;"[{""Id"": 17, ""T3_Variable"": ""Provincias"", ""Nombre"": ""Cuenca"", ""Codigo"": ""16""}, {""Id"": 451, ""T3_Variable"": ""Sexo"", ""Nombre"": ""Total"", ""Codigo"": ""0""}, {""Id"": 8677, ""T3_Variable"": ""Tamaño de los municipios"", ""Nombre"": ""Total habitantes"", ""Codigo"": ""0""}, {""Id"": 20258, ""T3_Variable"": ""Tipo de dato"", ""Nombre"": ""Personas"", ""Codigo"": """"}]";2852;2026-09-07T22:13:34.997660
DPOP6689;Cuenca. Hombres. Total habitantes. Personas. ;Personas; ;2021-01-01T00:00:00.000+01:00;A;Definitivo;2021;98118.0;"[{""Id"": 17, ""T3_Variable"": ""Provincias"", ""Nombre"": ""Cuenca"", ""Codigo"": ""16""}, {""Id"": 452, ""T3_Variable"": ""Sexo"", ""Nombre"": ""Hombres"", ""Codigo"": ""1""}, {""Id"": 8677, ""T3_Variable"": ""Tamaño de los municipios"", ""Nombre"": ""Total habitantes"", ""Codigo"": ""0""}, {""Id"": 20258, ""T3_Variable"": ""Tipo de dato"", ""Nombre"": ""Personas"", ""Codigo"": """"}]";2852;2026-09-07T22:13:34.997660
DPOP6690;Cuenca. Mujeres. Total habitantes. Personas. ;Personas; ;2021-01-01T00:00:00.000+01:00;A;Definitivo;2021;97398.0;"[{""Id"": 17, ""T3_Variable"": ""Provincias"", ""Nombre"": ""Cuenca"", ""Codigo"": ""16""}, {""Id"": 453, ""T3_Variable"": ""Sexo"", ""Nombre"": ""Mujeres"", ""Codigo"": ""2""}, {""Id"": 8677, ""T3_Variable"": ""Tamaño de los municipios"", ""Nombre"": ""Total habitantes"", ""Codigo"": ""0""}, {""Id"": 20258, ""T3_Variable"": ""Tipo de dato"", ""Nombre"": ""Personas"", ""Codigo"": """"}]";2852;2026-09-07T22:13:34.997660
DPOP9448;Gipuzkoa. Total. Total habitantes. Personas. ;Personas; ;2021-01-01T00:00:00.000+01:00;A;Definitivo;2021;726033.0;"[{""Id"": 21, ""T3_Variable"": ""Provincias"", ""Nombre"": ""Gipuzkoa"", ""Codigo"": ""20""}, {""Id"": 451, ""T3_Variable"": ""Sexo"", ""Nombre"": ""Total"", ""Codigo"": ""0""}, {""Id"": 8677, ""T3_Variable"": ""Tamaño de los municipios"", ""Nombre"": ""Total habitantes"", ""Codigo"": ""0""}, {""Id"": 20258, ""T3_Variable"": ""Tipo de dato"", ""Nombre"": ""Personas"", ""Codigo"": """"}]";2852;2026-09-07T22:13:34.997660
DPOP9449;Gipuzkoa. Hombres. Total habitantes. Personas. ;Personas; ;2021-01-01T00:00:00.000+01:00;A;Definitivo;2021;354717.0;"[{""Id"": 21, ""T3_Variable"": ""Provincias"", ""Nombre"": ""Gipuzkoa"", ""Codigo"": ""20""}, {""Id"": 452, ""T3_Variable"": ""Sexo"", ""Nombre"": ""Hombres"", ""Codigo"": ""1""}, {""Id"": 8677, ""T3_Variable"": ""Tamaño de los municipios"", ""Nombre"": ""Total habitantes"", ""Codigo"": ""0""}, {""Id"": 20258, ""T3_Variable"": ""Tipo de dato"", ""Nombre"": ""Personas"", ""Codigo"": """"}]";2852;2026-09-07T22:13:34.997660
DPOP9450;Gipuzkoa. Mujeres. Total habitantes. Personas. ;Personas; ;2021-01-01T00:00:00.000+01:00;A;Definitivo;2021;371316.0;"[{""Id"": 21, ""T3_Variable"": ""Provincias"", ""Nombre"": ""Gipuzkoa"", ""Codigo"": ""20""}, {""Id"": 453, ""T3_Variable"": ""Sexo"", ""Nombre"": ""Mujeres"", ""Codigo"": ""2""}, {""Id"": 8677, ""T3_Variable"": ""Tamaño de los municipios"", ""Nombre"": ""Total habitantes"", ""Codigo"": ""0""}, {""Id"": 20258, ""T3_Variable"": ""Tipo de dato"", ""Nombre"": ""Personas"", ""Codigo"": """"}]";2852;2026-09-07T22:13:34.997660
DPOP7405;Girona. Total. Total habitantes. Personas. ;Personas; ;2021-01-01T00:00:00.000+01:00;A;Definitivo;2021;786596.0;"[{""Id"": 18, ""T3_Variable"": ""Provincias"", ""Nombre"": ""Girona"", ""Codigo"": ""17""}, {""Id"": 451, ""T3_Variable"": ""Sexo"", ""Nombre"": ""Total"", ""Codigo"": ""0""}, {""Id"": 8677, ""T3_Variable"": ""Tamaño de los municipios"", ""Nombre"": ""Total habitantes"", ""Codigo"": ""0""}, {""Id"": 20258, ""T3_Variable"": ""Tipo de dato"", ""Nombre"": ""Personas"", ""Codigo"": """"}]";2852;2026-09-07T22:13:34.997660
DPOP7406;Girona. Hombres. Total habitantes. Personas. ;Personas; ;2021-01-01T00:00:00.000+01:00;A;Definitivo;2021;393769.0;"[{""Id"": 18, ""T3_Variable"": ""Provincias"", ""Nombre"": ""Girona"", ""Codigo"": ""17""}, {""Id"": 452, ""T3_Variable"": ""Sexo"", ""Nombre"": ""Hombres"", ""Codigo"": ""1""}, {""Id"": 8677, ""T3_Variable"": ""Tamaño de los municipios"", ""Nombre"": ""Total habitantes"", ""Codigo"": ""0""}, {""Id"": 20258, ""T3_Variable"": ""Tipo de dato"", ""Nombre"": ""Personas"", ""Codigo"": """"}]";2852;2026-09-07T22:13:34.997660
DPOP7407;Girona. Mujeres. Total habitantes. Personas. ;Personas; ;2021-01-01T00:00:00.000+01:00;A;Definitivo;2021;392827.0;"[{""Id"": 18, ""T3_Variable"": ""Provincias"", ""Nombre"": ""Girona"", ""Codigo"": ""17""}, {""Id"": 453, ""T3_Variable"": ""Sexo"", ""Nombre"": ""Mujeres"", ""Codigo"": ""2""}, {""Id"": 8677, ""T3_Variable"": ""Tamaño de los municipios"", ""Nombre"": ""Total habitantes"", ""Codigo"": ""0""}, {""Id"": 20258, ""T3_Variable"": ""Tipo de dato"", ""Nombre"": ""Personas"", ""Codigo"": """"}]";2852;2026-09-07T22:13:34.997660
DPOP8074;Granada. Total. Total habitantes. Personas. ;Personas; ;2021-01-01T00:00:00.000+01:00;A;Definitivo;2021;921338.0;"[{""Id"": 19, ""T3_Variable"": ""Provincias"", ""Nombre"": ""Granada"", ""Codigo"": ""18""}, {""Id"": 451, ""T3_Variable"": ""Sexo"", ""Nombre"": ""Total"", ""Codigo"": ""0""}, {""Id"": 8677, ""T3_Variable"": ""Tamaño de los municipios"", ""Nombre"": ""Total habitantes"", ""Codigo"": ""0""}, {""Id"": 20258, ""T3_Variable"": ""Tipo de dato"", ""Nombre"": ""Personas"", ""Codigo"": """"}]";2852;2026-09-07T22:13:34.997660
DPOP8075;Granada. Hombres. Total habitantes. Personas. ;Personas; ;2021-01-01T00:00:00.000+01:00;A;Definitivo;2021;453683.0;"[{""Id"": 19, ""T3_Variable"": ""Provincias"", ""Nombre"": ""Granada"", ""Codigo"": ""18""}, {""Id"": 452, ""T3_Variable"": ""Sexo"", ""Nombre"": ""Hombres"", ""Codigo"": ""1""}, {""Id"": 8677, ""T3_Variable"": ""Tamaño de los municipios"", ""Nombre"": ""Total habitantes"", ""Codigo"": ""0""}, {""Id"": 20258, ""T3_Variable"": ""Tipo de dato"", ""Nombre"": ""Personas"", ""Codigo"": """"}]";2852;2026-09-07T22:13:34.997660
DPOP8076;Granada. Mujeres. Total habitantes. Personas. ;Personas; ;2021-01-01T00:00:00.000+01:00;A;Definitivo;2021;467655.0;"[{""Id"": 19, ""T3_Variable"": ""Provincias"", ""Nombre"": ""Granada"", ""Codigo"": ""18""}, {""Id"": 453, ""T3_Variable"": ""Sexo"", ""Nombre"": ""Mujeres"", ""Codigo"": ""2""}, {""Id"": 8677, ""T3_Variable"": ""Tamaño de los municipios"", ""Nombre"": ""Total habitantes"", ""Codigo"": ""0""}, {""Id"": 20258, ""T3_Variable"": ""Tipo de dato"", ""Nombre"": ""Personas"", ""Codigo"": """"}]";2852;2026-09-07T22:13:34.997660
DPOP8581;Guadalajara. Total. Total habitantes. Personas. ;Personas; ;2021-01-01T00:00:00.000+01:00;A;Definitivo;2021;265588.0;"[{""Id"": 20, ""T3_Variable"": ""Provincias"", ""Nombre"": ""Guadalajara"", ""Codigo"": ""19""}, {""Id"": 451, ""T3_Variable"": ""Sexo"", ""Nombre"": ""Total"", ""Codigo"": ""0""}, {""Id"": 8677, ""T3_Variable"": ""Tamaño de los municipios"", ""Nombre"": ""Total habitantes"", ""Codigo"": ""0""}, {""Id"": 20258, ""T3_Variable"": ""Tipo de dato"", ""Nombre"": ""Personas"", ""Codigo"": """"}]";2852;2026-09-07T22:13:34.997660
DPOP8582;Guadalajara. Hombres. Total habitantes. Personas. ;Personas; ;2021-01-01T00:00:00.000+01:00;A;Definitivo;2021;134624.0;"[{""Id"": 20, ""T3_Variable"": ""Provincias"", ""Nombre"": ""Guadalajara"", ""Codigo"": ""19""}, {""Id"": 452, ""T3_Variable"": ""Sexo"", ""Nombre"": ""Hombres"", ""Codigo"": ""1""}, {""Id"": 8677, ""T3_Variable"": ""Tamaño de los municipios"", ""Nombre"": ""Total habitantes"", ""Codigo"": ""0""}, {""Id"": 20258, ""T3_Variable"": ""Tipo de dato"", ""Nombre"": ""Personas"", ""Codigo"": """"}]";2852;2026-09-07T22:13:34.997660
DPOP8583;Guadalajara. Mujeres. Total habitantes. Personas. ;Personas; ;2021-01-01T00:00:00.000+01:00;A;Definitivo;2021;130964.0;"[{""Id"": 20, ""T3_Variable"": ""Provincias"", ""Nombre"": ""Guadalajara"", ""Codigo"": ""19""}, {""Id"": 453, ""T3_Variable"": ""Sexo"", ""Nombre"": ""Mujeres"", ""Codigo"": ""2""}, {""Id"": 8677, ""T3_Variable"": ""Tamaño de los municipios"", ""Nombre"": ""Total habitantes"", ""Codigo"": ""0""}, {""Id"": 20258, ""T3_Variable"": ""Tipo de dato"", ""Nombre"": ""Personas"", ""Codigo"": """"}]";2852;2026-09-07T22:13:34.997660
DPOP9715;Huelva. Total. Total habitantes. Personas. ;Personas; ;2021-01-01T00:00:00.000+01:00;A;Definitivo;2021;525835.0;"[{""Id"": 22, ""T3_Variable"": ""Provincias"", ""Nombre"": ""Huelva"", ""Codigo"": ""21""}, {""Id"": 451, ""T3_Variable"": ""Sexo"", ""Nombre"": ""Total"", ""Codigo"": ""0""}, {""Id"": 8677, ""T3_Variable"": ""Tamaño de los municipios"", ""Nombre"": ""Total habitantes"", ""Codigo"": ""0""}, {""Id"": 20258, ""T3_Variable"": ""Tipo de dato"", ""Nombre"": ""Personas"", ""Codigo"": """"}]";2852;2026-09-07T22:13:34.997660
DPOP9716;Huelva. Hombres. Total habitantes. Personas. ;Personas; ;2021-01-01T00:00:00.000+01:00;A;Definitivo;2021;260581.0;"[{""Id"": 22, ""T3_Variable"": ""Provincias"", ""Nombre"": ""Huelva"", ""Codigo"": ""21""}, {""Id"": 452, ""T3_Variable"": ""Sexo"", ""Nombre"": ""Hombres"", ""Codigo"": ""1""}, {""Id"": 8677, ""T3_Variable"": ""Tamaño de los municipios"", ""Nombre"": ""Total habitantes"", ""Codigo"": ""0""}, {""Id"": 20258, ""T3_Variable"": ""Tipo de dato"", ""Nombre"": ""Personas"", ""Codigo"": """"}]";2852;2026-09-07T22:13:34.997660
DPOP9717;Huelva. Mujeres. Total habitantes. Personas. ;Personas; ;2021-01-01T00:00:00.000+01:00;A;Definitivo;2021;265254.0;"[{""Id"": 22, ""T3_Variable"": ""Provincias"", ""Nombre"": ""Huelva"", ""Codigo"": ""21""}, {""Id"": 453, ""T3_Variable"": ""Sexo"", ""Nombre"": ""Mujeres"", ""Codigo"": ""2""}, {""Id"": 8677, ""T3_Variable"": ""Tamaño de los municipios"", ""Nombre"": ""Total habitantes"", ""Codigo"": ""0""}, {""Id"": 20258, ""T3_Variable"": ""Tipo de dato"", ""Nombre"": ""Personas"", ""Codigo"": """"}]";2852;2026-09-07T22:13:34.997660
DPOP9955;Huesca. Total. Total habitantes. Personas. ;Personas; ;2021-01-01T00:00:00.000+01:00;A;Definitivo;2021;224264.0;"[{""Id"": 23, ""T3_Variable"": ""Provincias"", ""Nombre"": ""Huesca"", ""Codigo"": ""22""}, {""Id"": 451, ""T3_Variable"": ""Sexo"", ""Nombre"": ""Total"", ""Codigo"": ""0""}, {""Id"": 8677, ""T3_Variable"": ""Tamaño de los municipios"", ""Nombre"": ""Total habitantes"", ""Codigo"": ""0""}, {""Id"": 20258, ""T3_Variable"": ""Tipo de dato"", ""Nombre"": ""Personas"", ""Codigo"": """"}]";2852;2026-09-07T22:13:34.997660
DPOP9956;Huesca. Hombres. Total habitantes. Personas. ;Personas; ;2021-01-01T00:00:00.000+01:00;A;Definitivo;2021;113607.0;"[{""Id"": 23, ""T3_Variable"": ""Provincias"", ""Nombre"": ""Huesca"", ""Codigo"": ""22""}, {""Id"": 452, ""T3_Variable"": ""Sexo"", ""Nombre"": ""Hombres"", ""Codigo"": ""1""}, {""Id"": 8677, ""T3_Variable"": ""Tamaño de los municipios"", ""Nombre"": ""Total habitantes"", ""Codigo"": ""0""}, {""Id"": 20258, ""T3_Variable"": ""Tipo de dato"", ""Nombre"": ""Personas"", ""Codigo"": """"}]";2852;2026-09-07T22:13:34.997660
DPOP9957;Huesca. Mujeres. Total habitantes. Personas. ;Personas; ;2021-01-01T00:00:00.000+01:00;A;Definitivo;2021;110657.0;"[{""Id"": 23, ""T3_Variable"": ""Provincias"", ""Nombre"": ""Huesca"", ""Codigo"": ""22""}, {""Id"": 453, ""T3_Variable"": ""Sexo"", ""Nombre"": ""Mujeres"", ""Codigo"": ""2""}, {""Id"": 8677, ""T3_Variable"": ""Tamaño de los municipios"", ""Nombre"": ""Total habitantes"", ""Codigo"": ""0""}, {""Id"": 20258, ""T3_Variable"": ""Tipo de dato"", ""Nombre"": ""Personas"", ""Codigo"": """"}]";2852;2026-09-07T22:13:34.997660
DPOP10564;Jaén. Total. Total habitantes. Personas. ;Personas; ;2021-01-01T00:00:00.000+01:00;A;Definitivo;2021;627190.0;"[{""Id"": 24, ""T3_Variable"": ""Provincias"", ""Nombre"": ""Jaén"", ""Codigo"": ""23""}, {""Id"": 451, ""T3_Variable"": ""Sexo"", ""Nombre"": ""Total"", ""Codigo"": ""0""}, {""Id"": 8677, ""T3_Variable"": ""Tamaño de los municipios"", ""Nombre"": ""Total habitantes"", ""Codigo"": ""0""}, {""Id"": 20258, ""T3_Variable"": ""Tipo de dato"", ""Nombre"": ""Personas"", ""Codigo"": """"}]";2852;2026-09-07T22:13:34.997660
DPOP10565;Jaén. Hombres. Total habitantes. Personas. ;Personas; ;2021-01-01T00:00:00.000+01:00;A;Definitivo;2021;310323.0;"[{""Id"": 24, ""T3_Variable"": ""Provincias"", ""Nombre"": ""Jaén"", ""Codigo"": ""23""}, {""Id"": 452, ""T3_Variable"": ""Sexo"", ""Nombre"": ""Hombres"", ""Codigo"": ""1""}, {""Id"": 8677, ""T3_Variable"": ""Tamaño de los municipios"", ""Nombre"": ""Total habitantes"", ""Codigo"": ""0""}, {""Id"": 20258, ""T3_Variable"": ""Tipo de dato"", ""Nombre"": ""Personas"", ""Codigo"": """"}]";2852;2026-09-07T22:13:34.997660
DPOP10566;Jaén. Mujeres. Total habitantes. Personas. ;Personas; ;2021-01-01T00:00:00.000+01:00;A;Definitivo;2021;316867.0;"[{""Id"": 24, ""T3_Variable"": ""Provincias"", ""Nombre"": ""Jaén"", ""Codigo"": ""23""}, {""Id"": 453, ""T3_Variable"": ""Sexo"", ""Nombre"": ""Mujeres"", ""Codigo"": ""2""}, {""Id"": 8677, ""T3_Variable"": ""Tamaño de los municipios"", ""Nombre"": ""Total habitantes"", ""Codigo"": ""0""}, {""Id"": 20258, ""T3_Variable"": ""Tipo de dato"", ""Nombre"": ""Personas"", ""Codigo"": """"}]";2852;2026-09-07T22:13:34.997660
DPOP10858;León. Total. Total habitantes. Personas. ;Personas; ;2021-01-01T00:00:00.000+01:00;A;Definitivo;2021;451706.0;"[{""Id"": 25, ""T3_Variable"": ""Provincias"", ""Nombre"": ""León"", ""Codigo"": ""24""}, {""Id"": 451, ""T3_Variable"": ""Sexo"", ""Nombre"": ""Total"", ""Codigo"": ""0""}, {""Id"": 8677, ""T3_Variable"": ""Tamaño de los municipios"", ""Nombre"": ""Total habitantes"", ""Codigo"": ""0""}, {""Id"": 20258, ""T3_Variable"": ""Tipo de dato"", ""Nombre"": ""Personas"", ""Codigo"": """"}]";2852;2026-09-07T22:13:34.997660
DPOP10859;León. Hombres. Total habitantes. Personas. ;Personas; ;2021-01-01T00:00:00.000+01:00;A;Definitivo;2021;219532.0;"[{""Id"": 25, ""T3_Variable"": ""Provincias"", ""Nombre"": ""León"", ""Codigo"": ""24""}, {""Id"": 452, ""T3_Variable"": ""Sexo"", ""Nombre"": ""Hombres"", ""Codigo"": ""1""}, {""Id"": 8677, ""T3_Variable"": ""Tamaño de los municipios"", ""Nombre"": ""Total habitantes"", ""Codigo"": ""0""}, {""Id"": 20258, ""T3_Variable"": ""Tipo de dato"", ""Nombre"": ""Personas"", ""Codigo"": """"}]";2852;2026-09-07T22:13:34.997660
DPOP10860;León. Mujeres. Total habitantes. Personas. ;Personas; ;2021-01-01T00:00:00.000+01:00;A;Definitivo;2021;232174.0;"[{""Id"": 25, ""T3_Variable"": ""Provincias"", ""Nombre"": ""León"", ""Codigo"": ""24""}, {""Id"": 453, ""T3_Variable"": ""Sexo"", ""Nombre"": ""Mujeres"", ""Codigo"": ""2""}, {""Id"": 8677, ""T3_Variable"": ""Tamaño de los municipios"", ""Nombre"": ""Total habitantes"", ""Codigo"": ""0""}, {""Id"": 20258, ""T3_Variable"": ""Tipo de dato"", ""Nombre"": ""Personas"", ""Codigo"": """"}]";2852;2026-09-07T22:13:34.997660
DPOP11497;Lleida. Total. Total habitantes. Personas. ;Personas; ;2021-01-01T00:00:00.000+01:00;A;Definitivo;2021;439727.0;"[{""Id"": 26, ""T3_Variable"": ""Provincias"", ""Nombre"": ""Lleida"", ""Codigo"": ""25""}, {""Id"": 451, ""T3_Variable"": ""Sexo"", ""Nombre"": ""Total"", ""Codigo"": ""0""}, {""Id"": 8677, ""T3_Variable"": ""Tamaño de los municipios"", ""Nombre"": ""Total habitantes"", ""Codigo"": ""0""}, {""Id"": 20258, ""T3_Variable"": ""Tipo de dato"", ""Nombre"": ""Personas"", ""Codigo"": """"}]";2852;2026-09-07T22:13:34.997660
DPOP11498;Lleida. Hombres. Total habitantes. Personas. ;Personas; ;2021-01-01T00:00:00.000+01:00;A;Definitivo;2021;224156.0;"[{""Id"": 26, ""T3_Variable"": ""Provincias"", ""Nombre"": ""Lleida"", ""Codigo"": ""25""}, {""Id"": 452, ""T3_Variable"": ""Sexo"", ""Nombre"": ""Hombres"", ""Codigo"": ""1""}, {""Id"": 8677, ""T3_Variable"": ""Tamaño de los municipios"", ""Nombre"": ""Total habitantes"", ""Codigo"": ""0""}, {""Id"": 20258, ""T3_Variable"": ""Tipo de dato"", ""Nombre"": ""Personas"", ""Codigo"": """"}]";2852;2026-09-07T22:13:34.997660
DPOP11499;Lleida. Mujeres. Total habitantes. Personas. ;Personas; ;2021-01-01T00:00:00.000+01:00;A;Definitivo;2021;215571.0;"[{""Id"": 26, ""T3_Variable"": ""Provincias"", ""Nombre"": ""Lleida"", ""Codigo"": ""25""}, {""Id"": 453, ""T3_Variable"": ""Sexo"", ""Nombre"": ""Mujeres"", ""Codigo"": ""2""}, {""Id"": 8677, ""T3_Variable"": ""Tamaño de los municipios"", ""Nombre"": ""Total habitantes"", ""Codigo"": ""0""}, {""Id"": 20258, ""T3_Variable"": ""Tipo de dato"", ""Nombre"": ""Personas"", ""Codigo"": """"}]";2852;2026-09-07T22:13:34.997660
DPOP12718;Lugo. Total. Total habitantes. Personas. ;Personas; ;2021-01-01T00:00:00.000+01:00;A;Definitivo;2021;326013.0;"[{""Id"": 28, ""T3_Variable"": ""Provincias"", ""Nombre"": ""Lugo"", ""Codigo"": ""27""}, {""Id"": 451, ""T3_Variable"": ""Sexo"", ""Nombre"": ""Total"", ""Codigo"": ""0""}, {""Id"": 8677, ""T3_Variable"": ""Tamaño de los municipios"", ""Nombre"": ""Total habitantes"", ""Codigo"": ""0""}, {""Id"": 20258, ""T3_Variable"": ""Tipo de dato"", ""Nombre"": ""Personas"", ""Codigo"": """"}]";2852;2026-09-07T22:13:34.997660
DPOP12719;Lugo. Hombres. Total habitantes. Personas. ;Personas; ;2021-01-01T00:00:00.000+01:00;A;Definitivo;2021;157892.0;"[{""Id"": 28, ""T3_Variable"": ""Provincias"", ""Nombre"": ""Lugo"", ""Codigo"": ""27""}, {""Id"": 452, ""T3_Variable"": ""Sexo"", ""Nombre"": ""Hombres"", ""Codigo"": ""1""}, {""Id"": 8677, ""T3_Variable"": ""Tamaño de los municipios"", ""Nombre"": ""Total habitantes"", ""Codigo"": ""0""}, {""Id"": 20258, ""T3_Variable"": ""Tipo de dato"", ""Nombre"": ""Personas"", ""Codigo"": """"}]";2852;2026-09-07T22:13:34.997660
DPOP12720;Lugo. Mujeres. Total habitantes. Personas. ;Personas; ;2021-01-01T00:00:00.000+01:00;A;Definitivo;2021;168121.0;"[{""Id"": 28, ""T3_Variable"": ""Provincias"", ""Nombre"": ""Lugo"", ""Codigo"": ""27""}, {""Id"": 453, ""T3_Variable"": ""Sexo"", ""Nombre"": ""Mujeres"", ""Codigo"": ""2""}, {""Id"": 8677, ""T3_Variable"": ""Tamaño de los municipios"", ""Nombre"": ""Total habitantes"", ""Codigo"": ""0""}, {""Id"": 20258, ""T3_Variable"": ""Tipo de dato"", ""Nombre"": ""Personas"", ""Codigo"": """"}]";2852;2026-09-07T22:13:34.997660
DPOP12922;Madrid. Total. Total habitantes. Personas. ;Personas; ;2021-01-01T00:00:00.000+01:00;A;Definitivo;2021;6751251.0;"[{""Id"": 29, ""T3_Variable"": ""Provincias"", ""Nombre"": ""Madrid"", ""Codigo"": ""28""}, {""Id"": 451, ""T3_Variable"": ""Sexo"", ""Nombre"": ""Total"", ""Codigo"": ""0""}, {""Id"": 8677, ""T3_Variable"": ""Tamaño de los municipios"", ""Nombre"": ""Total habitantes"", ""Codigo"": ""0""}, {""Id"": 20258, ""T3_Variable"": ""Tipo de dato"", ""Nombre"": ""Personas"", ""Codigo"": """"}]";2852;2026-09-07T22:13:34.997660
DPOP12923;Madrid. Hombres. Total habitantes. Personas. ;Personas; ;2021-01-01T00:00:00.000+01:00;A;Definitivo;2021;3229700.0;"[{""Id"": 29, ""T3_Variable"": ""Provincias"", ""Nombre"": ""Madrid"", ""Codigo"": ""28""}, {""Id"": 452, ""T3_Variable"": ""Sexo"", ""Nombre"": ""Hombres"", ""Codigo"": ""1""}, {""Id"": 8677, ""T3_Variable"": ""Tamaño de los municipios"", ""Nombre"": ""Total habitantes"", ""Codigo"": ""0""}, {""Id"": 20258, ""T3_Variable"": ""Tipo de dato"", ""Nombre"": ""Personas"", ""Codigo"": """"}]";2852;2026-09-07T22:13:34.997660
DPOP12924;Madrid. Mujeres. Total habitantes. Personas. ;Personas; ;2021-01-01T00:00:00.000+01:00;A;Definitivo;2021;3521551.0;"[{""Id"": 29, ""T3_Variable"": ""Provincias"", ""Nombre"": ""Madrid"", ""Codigo"": ""28""}, {""Id"": 453, ""T3_Variable"": ""Sexo"", ""Nombre"": ""Mujeres"", ""Codigo"": ""2""}, {""Id"": 8677, ""T3_Variable"": ""Tamaño de los municipios"", ""Nombre"": ""Total habitantes"", ""Codigo"": ""0""}, {""Id"": 20258, ""T3_Variable"": ""Tipo de dato"", ""Nombre"": ""Personas"", ""Codigo"": """"}]";2852;2026-09-07T22:13:34.997660
DPOP13462;Málaga. Total. Total habitantes. Personas. ;Personas; ;2021-01-01T00:00:00.000+01:00;A;Definitivo;2021;1695651.0;"[{""Id"": 30, ""T3_Variable"": ""Provincias"", ""Nombre"": ""Málaga"", ""Codigo"": ""29""}, {""Id"": 451, ""T3_Variable"": ""Sexo"", ""Nombre"": ""Total"", ""Codigo"": ""0""}, {""Id"": 8677, ""T3_Variable"": ""Tamaño de los municipios"", ""Nombre"": ""Total habitantes"", ""Codigo"": ""0""}, {""Id"": 20258, ""T3_Variable"": ""Tipo de dato"", ""Nombre"": ""Personas"", ""Codigo"": """"}]";2852;2026-09-07T22:13:34.997660
DPOP13463;Málaga. Hombres. Total habitantes. Personas. ;Personas; ;2021-01-01T00:00:00.000+01:00;A;Definitivo;2021;829976.0;"[{""Id"": 30, ""T3_Variable"": ""Provincias"", ""Nombre"": ""Málaga"", ""Codigo"": ""29""}, {""Id"": 452, ""T3_Variable"": ""Sexo"", ""Nombre"": ""Hombres"", ""Codigo"": ""1""}, {""Id"": 8677, ""T3_Variable"": ""Tamaño de los municipios"", ""Nombre"": ""Total habitantes"", ""Codigo"": ""0""}, {""Id"": 20258, ""T3_Variable"": ""Tipo de dato"", ""Nombre"": ""Personas"", ""Codigo"": """"}]";2852;2026-09-07T22:13:34.997660
DPOP13464;Málaga. Mujeres. Total habitantes. Personas. ;Personas; ;2021-01-01T00:00:00.000+01:00;A;Definitivo;2021;865675.0;"[{""Id"": 30, ""T3_Variable"": ""Provincias"", ""Nombre"": ""Málaga"", ""Codigo"": ""29""}, {""Id"": 453, ""T3_Variable"": ""Sexo"", ""Nombre"": ""Mujeres"", ""Codigo"": ""2""}, {""Id"": 8677, ""T3_Variable"": ""Tamaño de los municipios"", ""Nombre"": ""Total habitantes"", ""Codigo"": ""0""}, {""Id"": 20258, ""T3_Variable"": ""Tipo de dato"", ""Nombre"": ""Personas"", ""Codigo"": """"}]";2852;2026-09-07T22:13:34.997660
DPOP13765;Murcia. Total. Total habitantes. Personas. ;Personas; ;2021-01-01T00:00:00.000+01:00;A;Definitivo;2021;1518486.0;"[{""Id"": 31, ""T3_Variable"": ""Provincias"", ""Nombre"": ""Murcia"", ""Codigo"": ""30""}, {""Id"": 451, ""T3_Variable"": ""Sexo"", ""Nombre"": ""Total"", ""Codigo"": ""0""}, {""Id"": 8677, ""T3_Variable"": ""Tamaño de los municipios"", ""Nombre"": ""Total habitantes"", ""Codigo"": ""0""}, {""Id"": 20258, ""T3_Variable"": ""Tipo de dato"", ""Nombre"": ""Personas"", ""Codigo"": """"}]";2852;2026-09-07T22:13:34.997660
DPOP13766;Murcia. Hombres. Total habitantes. Personas. ;Personas; ;2021-01-01T00:00:00.000+01:00;A;Definitivo;2021;760362.0;"[{""Id"": 31, ""T3_Variable"": ""Provincias"", ""Nombre"": ""Murcia"", ""Codigo"": ""30""}, {""Id"": 452, ""T3_Variable"": ""Sexo"", ""Nombre"": ""Hombres"", ""Codigo"": ""1""}, {""Id"": 8677, ""T3_Variable"": ""Tamaño de los municipios"", ""Nombre"": ""Total habitantes"", ""Codigo"": ""0""}, {""Id"": 20258, ""T3_Variable"": ""Tipo de dato"", ""Nombre"": ""Personas"", ""Codigo"": """"}]";2852;2026-09-07T22:13:34.997660
DPOP13767;Murcia. Mujeres. Total habitantes. Personas. ;Personas; ;2021-01-01T00:00:00.000+01:00;A;Definitivo;2021;758124.0;"[{""Id"": 31, ""T3_Variable"": ""Provincias"", ""Nombre"": ""Murcia"", ""Codigo"": ""30""}, {""Id"": 453, ""T3_Variable"": ""Sexo"", ""Nombre"": ""Mujeres"", ""Codigo"": ""2""}, {""Id"": 8677, ""T3_Variable"": ""Tamaño de los municipios"", ""Nombre"": ""Total habitantes"", ""Codigo"": ""0""}, {""Id"": 20258, ""T3_Variable"": ""Tipo de dato"", ""Nombre"": ""Personas"", ""Codigo"": """"}]";2852;2026-09-07T22:13:34.997660
DPOP13903;Navarra. Total. Total habitantes. Personas. ;Personas; ;2021-01-01T00:00:00.000+01:00;A;Definitivo;2021;661537.0;"[{""Id"": 32, ""T3_Variable"": ""Provincias"", ""Nombre"": ""Navarra"", ""Codigo"": ""31""}, {""Id"": 451, ""T3_Variable"": ""Sexo"", ""Nombre"": ""Total"", ""Codigo"": ""0""}, {""Id"": 8677, ""T3_Variable"": ""Tamaño de los municipios"", ""Nombre"": ""Total habitantes"", ""Codigo"": ""0""}, {""Id"": 20258, ""T3_Variable"": ""Tipo de dato"", ""Nombre"": ""Personas"", ""Codigo"": """"}]";2852;2026-09-07T22:13:34.997660
DPOP13904;Navarra. Hombres. Total habitantes. Personas. ;Personas; ;2021-01-01T00:00:00.000+01:00;A;Definitivo;2021;327465.0;"[{""Id"": 32, ""T3_Variable"": ""Provincias"", ""Nombre"": ""Navarra"", ""Codigo"": ""31""}, {""Id"": 452, ""T3_Variable"": ""Sexo"", ""Nombre"": ""Hombres"", ""Codigo"": ""1""}, {""Id"": 8677, ""T3_Variable"": ""Tamaño de los municipios"", ""Nombre"": ""Total habitantes"", ""Codigo"": ""0""}, {""Id"": 20258, ""T3_Variable"": ""Tipo de dato"", ""Nombre"": ""Personas"", ""Codigo"": """"}]";2852;2026-09-07T22:13:34.997660
DPOP13905;Navarra. Mujeres. Total habitantes. Personas. ;Personas; ;2021-01-01T00:00:00.000+01:00;A;Definitivo;2021;334072.0;"[{""Id"": 32, ""T3_Variable"": ""Provincias"", ""Nombre"": ""Navarra"", ""Codigo"": ""31""}, {""Id"": 453, ""T3_Variable"": ""Sexo"", ""Nombre"": ""Mujeres"", ""Codigo"": ""2""}, {""Id"": 8677, ""T3_Variable"": ""Tamaño de los municipios"", ""Nombre"": ""Total habitantes"", ""Codigo"": ""0""}, {""Id"": 20258, ""T3_Variable"": ""Tipo de dato"", ""Nombre"": ""Personas"", ""Codigo"": """"}]";2852;2026-09-07T22:13:34.997660
DPOP14722;Ourense. Total. Total habitantes. Personas. ;Personas; ;2021-01-01T00:00:00.000+01:00;A;Definitivo;2021;305223.0;"[{""Id"": 53, ""T3_Variable"": ""Provincias"", ""Nombre"": ""Ourense"", ""Codigo"": ""32""}, {""Id"": 451, ""T3_Variable"": ""Sexo"", ""Nombre"": ""Total"", ""Codigo"": ""0""}, {""Id"": 8677, ""T3_Variable"": ""Tamaño de los municipios"", ""Nombre"": ""Total habitantes"", ""Codigo"": ""0""}, {""Id"": 20258, ""T3_Variable"": ""Tipo de dato"", ""Nombre"": ""Personas"", ""Codigo"": """"}]";2852;2026-09-07T22:13:34.997660
DPOP14723;Ourense. Hombres. Total habitantes. Personas. ;Personas; ;2021-01-01T00:00:00.000+01:00;A;Definitivo;2021;146495.0;"[{""Id"": 53, ""T3_Variable"": ""Provincias"", ""Nombre"": ""Ourense"", ""Codigo"": ""32""}, {""Id"": 452, ""T3_Variable"": ""Sexo"", ""Nombre"": ""Hombres"", ""Codigo"": ""1""}, {""Id"": 8677, ""T3_Variable"": ""Tamaño de los municipios"", ""Nombre"": ""Total habitantes"", ""Codigo"": ""0""}, {""Id"": 20258, ""T3_Variable"": ""Tipo de dato"", ""Nombre"": ""Personas"", ""Codigo"": """"}]";2852;2026-09-07T22:13:34.997660
DPOP14724;Ourense. Mujeres. Total habitantes. Personas. ;Personas; ;2021-01-01T00:00:00.000+01:00;A;Definitivo;2021;158728.0;"[{""Id"": 53, ""T3_Variable"": ""Provincias"", ""Nombre"": ""Ourense"", ""Codigo"": ""32""}, {""Id"": 453, ""T3_Variable"": ""Sexo"", ""Nombre"": ""Mujeres"", ""Codigo"": ""2""}, {""Id"": 8677, ""T3_Variable"": ""Tamaño de los municipios"", ""Nombre"": ""Total habitantes"", ""Codigo"": ""0""}, {""Id"": 20258, ""T3_Variable"": ""Tipo de dato"", ""Nombre"": ""Personas"", ""Codigo"": """"}]";2852;2026-09-07T22:13:34.997660
DPOP15238;Palencia. Total. Total habitantes. Personas. ;Personas; ;2021-01-01T00:00:00.000+01:00;A;Definitivo;2021;159123.0;"[{""Id"": 34, ""T3_Variable"": ""Provincias"", ""Nombre"": ""Palencia"", ""Codigo"": ""34""}, {""Id"": 451, ""T3_Variable"": ""Sexo"", ""Nombre"": ""Total"", ""Codigo"": ""0""}, {""Id"": 8677, ""T3_Variable"": ""Tamaño de los municipios"", ""Nombre"": ""Total habitantes"", ""Codigo"": ""0""}, {""Id"": 20258, ""T3_Variable"": ""Tipo de dato"", ""Nombre"": ""Personas"", ""Codigo"": """"}]";2852;2026-09-07T22:13:34.997660
DPOP15239;Palencia. Hombres. Total habitantes. Personas. ;Personas; ;2021-01-01T00:00:00.000+01:00;A;Definitivo;2021;78841.0;"[{""Id"": 34, ""T3_Variable"": ""Provincias"", ""Nombre"": ""Palencia"", ""Codigo"": ""34""}, {""Id"": 452, ""T3_Variable"": ""Sexo"", ""Nombre"": ""Hombres"", ""Codigo"": ""1""}, {""Id"": 8677, ""T3_Variable"": ""Tamaño de los municipios"", ""Nombre"": ""Total habitantes"", ""Codigo"": ""0""}, {""Id"": 20258, ""T3_Variable"": ""Tipo de dato"", ""Nombre"": ""Personas"", ""Codigo"": """"}]";2852;2026-09-07T22:13:34.997660
DPOP15240;Palencia. Mujeres. Total habitantes. Personas. ;Personas; ;2021-01-01T00:00:00.000+01:00;A;Definitivo;2021;80282.0;"[{""Id"": 34, ""T3_Variable"": ""Provincias"", ""Nombre"": ""Palencia"", ""Codigo"": ""34""}, {""Id"": 453, ""T3_Variable"": ""Sexo"", ""Nombre"": ""Mujeres"", ""Codigo"": ""2""}, {""Id"": 8677, ""T3_Variable"": ""Tamaño de los municipios"", ""Nombre"": ""Total habitantes"", ""Codigo"": ""0""}, {""Id"": 20258, ""T3_Variable"": ""Tipo de dato"", ""Nombre"": ""Personas"", ""Codigo"": """"}]";2852;2026-09-07T22:13:34.997660
DPOP15814;Palmas, Las. Total. Total habitantes. Personas. ;Personas; ;2021-01-01T00:00:00.000+01:00;A;Definitivo;2021;1128539.0;"[{""Id"": 35, ""T3_Variable"": ""Provincias"", ""Nombre"": ""Palmas, Las"", ""Codigo"": ""35""}, {""Id"": 451, ""T3_Variable"": ""Sexo"", ""Nombre"": ""Total"", ""Codigo"": ""0""}, {""Id"": 8677, ""T3_Variable"": ""Tamaño de los municipios"", ""Nombre"": ""Total habitantes"", ""Codigo"": ""0""}, {""Id"": 20258, ""T3_Variable"": ""Tipo de dato"", ""Nombre"": ""Personas"", ""Codigo"": """"}]";2852;2026-09-07T22:13:34.997660
DPOP15815;Palmas, Las. Hombres. Total habitantes. Personas. ;Personas; ;2021-01-01T00:00:00.000+01:00;A;Definitivo;2021;561281.0;"[{""Id"": 35, ""T3_Variable"": ""Provincias"", ""Nombre"": ""Palmas, Las"", ""Codigo"": ""35""}, {""Id"": 452, ""T3_Variable"": ""Sexo"", ""Nombre"": ""Hombres"", ""Codigo"": ""1""}, {""Id"": 8677, ""T3_Variable"": ""Tamaño de los municipios"", ""Nombre"": ""Total habitantes"", ""Codigo"": ""0""}, {""Id"": 20258, ""T3_Variable"": ""Tipo de dato"", ""Nombre"": ""Personas"", ""Codigo"": """"}]";2852;2026-09-07T22:13:34.997660
DPOP15816;Palmas, Las. Mujeres. Total habitantes. Personas. ;Personas; ;2021-01-01T00:00:00.000+01:00;A;Definitivo;2021;567258.0;"[{""Id"": 35, ""T3_Variable"": ""Provincias"", ""Nombre"": ""Palmas, Las"", ""Codigo"": ""35""}, {""Id"": 453, ""T3_Variable"": ""Sexo"", ""Nombre"": ""Mujeres"", ""Codigo"": ""2""}, {""Id"": 8677, ""T3_Variable"": ""Tamaño de los municipios"", ""Nombre"": ""Total habitantes"", ""Codigo"": ""0""}, {""Id"": 20258, ""T3_Variable"": ""Tipo de dato"", ""Nombre"": ""Personas"", ""Codigo"": """"}]";2852;2026-09-07T22:13:34.997660
DPOP15919;Pontevedra. Total. Total habitantes. Personas. ;Personas; ;2021-01-01T00:00:00.000+01:00;A;Definitivo;2021;944275.0;"[{""Id"": 36, ""T3_Variable"": ""Provincias"", ""Nombre"": ""Pontevedra"", ""Codigo"": ""36""}, {""Id"": 451, ""T3_Variable"": ""Sexo"", ""Nombre"": ""Total"", ""Codigo"": ""0""}, {""Id"": 8677, ""T3_Variable"": ""Tamaño de los municipios"", ""Nombre"": ""Total habitantes"", ""Codigo"": ""0""}, {""Id"": 20258, ""T3_Variable"": ""Tipo de dato"", ""Nombre"": ""Personas"", ""Codigo"": """"}]";2852;2026-09-07T22:13:34.997660
DPOP15920;Pontevedra. Hombres. Total habitantes. Personas. ;Personas; ;2021-01-01T00:00:00.000+01:00;A;Definitivo;2021;455910.0;"[{""Id"": 36, ""T3_Variable"": ""Provincias"", ""Nombre"": ""Pontevedra"", ""Codigo"": ""36""}, {""Id"": 452, ""T3_Variable"": ""Sexo"", ""Nombre"": ""Hombres"", ""Codigo"": ""1""}, {""Id"": 8677, ""T3_Variable"": ""Tamaño de los municipios"", ""Nombre"": ""Total habitantes"", ""Codigo"": ""0""}, {""Id"": 20258, ""T3_Variable"": ""Tipo de dato"", ""Nombre"": ""Personas"", ""Codigo"": """"}]";2852;2026-09-07T22:13:34.997660
DPOP15921;Pontevedra. Mujeres. Total habitantes. Personas. ;Personas; ;2021-01-01T00:00:00.000+01:00;A;Definitivo;2021;488365.0;"[{""Id"": 36, ""T3_Variable"": ""Provincias"", ""Nombre"": ""Pontevedra"", ""Codigo"": ""36""}, {""Id"": 453, ""T3_Variable"": ""Sexo"", ""Nombre"": ""Mujeres"", ""Codigo"": ""2""}, {""Id"": 8677, ""T3_Variable"": ""Tamaño de los municipios"", ""Nombre"": ""Total habitantes"", ""Codigo"": ""0""}, {""Id"": 20258, ""T3_Variable"": ""Tipo de dato"", ""Nombre"": ""Personas"", ""Codigo"": """"}]";2852;2026-09-07T22:13:34.997660
DPOP12193;Rioja, La. Total. Total habitantes. Personas. ;Personas; ;2021-01-01T00:00:00.000+01:00;A;Definitivo;2021;319796.0;"[{""Id"": 27, ""T3_Variable"": ""Provincias"", ""Nombre"": ""Rioja, La"", ""Codigo"": ""26""}, {""Id"": 451, ""T3_Variable"": ""Sexo"", ""Nombre"": ""Total"", ""Codigo"": ""0""}, {""Id"": 8677, ""T3_Variable"": ""Tamaño de los municipios"", ""Nombre"": ""Total habitantes"", ""Codigo"": ""0""}, {""Id"": 20258, ""T3_Variable"": ""Tipo de dato"", ""Nombre"": ""Personas"", ""Codigo"": """"}]";2852;2026-09-07T22:13:34.997660
DPOP12194;Rioja, La. Hombres. Total habitantes. Personas. ;Personas; ;2021-01-01T00:00:00.000+01:00;A;Definitivo;2021;157823.0;"[{""Id"": 27, ""T3_Variable"": ""Provincias"", ""Nombre"": ""Rioja, La"", ""Codigo"": ""26""}, {""Id"": 452, ""T3_Variable"": ""Sexo"", ""Nombre"": ""Hombres"", ""Codigo"": ""1""}, {""Id"": 8677, ""T3_Variable"": ""Tamaño de los municipios"", ""Nombre"": ""Total habitantes"", ""Codigo"": ""0""}, {""Id"": 20258, ""T3_Variable"": ""Tipo de dato"", ""Nombre"": ""Personas"", ""Codigo"": """"}]";2852;2026-09-07T22:13:34.997660
DPOP12195;Rioja, La. Mujeres. Total habitantes. Personas. ;Personas; ;2021-01-01T00:00:00.000+01:00;A;Definitivo;2021;161973.0;"[{""Id"": 27, ""T3_Variable"": ""Provincias"", ""Nombre"": ""Rioja, La"", ""Codigo"": ""26""}, {""Id"": 453, ""T3_Variable"": ""Sexo"", ""Nombre"": ""Mujeres"", ""Codigo"": ""2""}, {""Id"": 8677, ""T3_Variable"": ""Tamaño de los municipios"", ""Nombre"": ""Total habitantes"", ""Codigo"": ""0""}, {""Id"": 20258, ""T3_Variable"": ""Tipo de dato"", ""Nombre"": ""Personas"", ""Codigo"": """"}]";2852;2026-09-07T22:13:34.997660
DPOP16108;Salamanca. Total. Total habitantes. Personas. ;Personas; ;2021-01-01T00:00:00.000+01:00;A;Definitivo;2021;327338.0;"[{""Id"": 37, ""T3_Variable"": ""Provincias"", ""Nombre"": ""Salamanca"", ""Codigo"": ""37""}, {""Id"": 451, ""T3_Variable"": ""Sexo"", ""Nombre"": ""Total"", ""Codigo"": ""0""}, {""Id"": 8677, ""T3_Variable"": ""Tamaño de los municipios"", ""Nombre"": ""Total habitantes"", ""Codigo"": ""0""}, {""Id"": 20258, ""T3_Variable"": ""Tipo de dato"", ""Nombre"": ""Personas"", ""Codigo"": """"}]";2852;2026-09-07T22:13:34.997660
DPOP16109;Salamanca. Hombres. Total habitantes. Personas. ;Personas; ;2021-01-01T00:00:00.000+01:00;A;Definitivo;2021;158874.0;"[{""Id"": 37, ""T3_Variable"": ""Provincias"", ""Nombre"": ""Salamanca"", ""Codigo"": ""37""}, {""Id"": 452, ""T3_Variable"": ""Sexo"", ""Nombre"": ""Hombres"", ""Codigo"": ""1""}, {""Id"": 8677, ""T3_Variable"": ""Tamaño de los municipios"", ""Nombre"": ""Total habitantes"", ""Codigo"": ""0""}, {""Id"": 20258, ""T3_Variable"": ""Tipo de dato"", ""Nombre"": ""Personas"", ""Codigo"": """"}]";2852;2026-09-07T22:13:34.997660
DPOP16110;Salamanca. Mujeres. Total habitantes. Personas. ;Personas; ;2021-01-01T00:00:00.000+01:00;A;Definitivo;2021;168464.0;"[{""Id"": 37, ""T3_Variable"": ""Provincias"", ""Nombre"": ""Salamanca"", ""Codigo"": ""37""}, {""Id"": 453, ""T3_Variable"": ""Sexo"", ""Nombre"": ""Mujeres"", ""Codigo"": ""2""}, {""Id"": 8677, ""T3_Variable"": ""Tamaño de los municipios"", ""Nombre"": ""Total habitantes"", ""Codigo"": ""0""}, {""Id"": 20258, ""T3_Variable"": ""Tipo de dato"", ""Nombre"": ""Personas"", ""Codigo"": """"}]";2852;2026-09-07T22:13:34.997660
DPOP17197;Santa Cruz de Tenerife. Total. Total habitantes. Personas. ;Personas; ;2021-01-01T00:00:00.000+01:00;A;Definitivo;2021;1044405.0;"[{""Id"": 38, ""T3_Variable"": ""Provincias"", ""Nombre"": ""Santa Cruz de Tenerife"", ""Codigo"": ""38""}, {""Id"": 451, ""T3_Variable"": ""Sexo"", ""Nombre"": ""Total"", ""Codigo"": ""0""}, {""Id"": 8677, ""T3_Variable"": ""Tamaño de los municipios"", ""Nombre"": ""Total habitantes"", ""Codigo"": ""0""}, {""Id"": 20258, ""T3_Variable"": ""Tipo de dato"", ""Nombre"": ""Personas"", ""Codigo"": """"}]";2852;2026-09-07T22:13:34.997660
DPOP17198;Santa Cruz de Tenerife. Hombres. Total habitantes. Personas. ;Personas; ;2021-01-01T00:00:00.000+01:00;A;Definitivo;2021;512899.0;"[{""Id"": 38, ""T3_Variable"": ""Provincias"", ""Nombre"": ""Santa Cruz de Tenerife"", ""Codigo"": ""38""}, {""Id"": 452, ""T3_Variable"": ""Sexo"", ""Nombre"": ""Hombres"", ""Codigo"": ""1""}, {""Id"": 8677, ""T3_Variable"": ""Tamaño de los municipios"", ""Nombre"": ""Total habitantes"", ""Codigo"": ""0""}, {""Id"": 20258, ""T3_Variable"": ""Tipo de dato"", ""Nombre"": ""Personas"", ""Codigo"": """"}]";2852;2026-09-07T22:13:34.997660
DPOP17199;Santa Cruz de Tenerife. Mujeres. Total habitantes. Personas. ;Personas; ;2021-01-01T00:00:00.000+01:00;A;Definitivo;2021;531506.0;"[{""Id"": 38, ""T3_Variable"": ""Provincias"", ""Nombre"": ""Santa Cruz de Tenerife"", ""Codigo"": ""38""}, {""Id"": 453, ""T3_Variable"": ""Sexo"", ""Nombre"": ""Mujeres"", ""Codigo"": ""2""}, {""Id"": 8677, ""T3_Variable"": ""Tamaño de los municipios"", ""Nombre"": ""Total habitantes"", ""Codigo"": ""0""}, {""Id"": 20258, ""T3_Variable"": ""Tipo de dato"", ""Nombre"": ""Personas"", ""Codigo"": """"}]";2852;2026-09-07T22:13:34.997660
DPOP17668;Segovia. Total. Total habitantes. Personas. ;Personas; ;2021-01-01T00:00:00.000+01:00;A;Definitivo;2021;153663.0;"[{""Id"": 40, ""T3_Variable"": ""Provincias"", ""Nombre"": ""Segovia"", ""Codigo"": ""40""}, {""Id"": 451, ""T3_Variable"": ""Sexo"", ""Nombre"": ""Total"", ""Codigo"": ""0""}, {""Id"": 8677, ""T3_Variable"": ""Tamaño de los municipios"", ""Nombre"": ""Total habitantes"", ""Codigo"": ""0""}, {""Id"": 20258, ""T3_Variable"": ""Tipo de dato"", ""Nombre"": ""Personas"", ""Codigo"": """"}]";2852;2026-09-07T22:13:34.997660
DPOP17669;Segovia. Hombres. Total habitantes. Personas. ;Personas; ;2021-01-01T00:00:00.000+01:00;A;Definitivo;2021;77071.0;"[{""Id"": 40, ""T3_Variable"": ""Provincias"", ""Nombre"": ""Segovia"", ""Codigo"": ""40""}, {""Id"": 452, ""T3_Variable"": ""Sexo"", ""Nombre"": ""Hombres"", ""Codigo"": ""1""}, {""Id"": 8677, ""T3_Variable"": ""Tamaño de los municipios"", ""Nombre"": ""Total habitantes"", ""Codigo"": ""0""}, {""Id"": 20258, ""T3_Variable"": ""Tipo de dato"", ""Nombre"": ""Personas"", ""Codigo"": """"}]";2852;2026-09-07T22:13:34.997660
DPOP17670;Segovia. Mujeres. Total habitantes. Personas. ;Personas; ;2021-01-01T00:00:00.000+01:00;A;Definitivo;2021;76592.0;"[{""Id"": 40, ""T3_Variable"": ""Provincias"", ""Nombre"": ""Segovia"", ""Codigo"": ""40""}, {""Id"": 453, ""T3_Variable"": ""Sexo"", ""Nombre"": ""Mujeres"", ""Codigo"": ""2""}, {""Id"": 8677, ""T3_Variable"": ""Tamaño de los municipios"", ""Nombre"": ""Total habitantes"", ""Codigo"": ""0""}, {""Id"": 20258, ""T3_Variable"": ""Tipo de dato"", ""Nombre"": ""Personas"", ""Codigo"": """"}]";2852;2026-09-07T22:13:34.997660
DPOP18298;Sevilla. Total. Total habitantes. Personas. ;Personas; ;2021-01-01T00:00:00.000+01:00;A;Definitivo;2021;1947852.0;"[{""Id"": 41, ""T3_Variable"": ""Provincias"", ""Nombre"": ""Sevilla"", ""Codigo"": ""41""}, {""Id"": 451, ""T3_Variable"": ""Sexo"", ""Nombre"": ""Total"", ""Codigo"": ""0""}, {""Id"": 8677, ""T3_Variable"": ""Tamaño de los municipios"", ""Nombre"": ""Total habitantes"", ""Codigo"": ""0""}, {""Id"": 20258, ""T3_Variable"": ""Tipo de dato"", ""Nombre"": ""Personas"", ""Codigo"": """"}]";2852;2026-09-07T22:13:34.997660
DPOP18299;Sevilla. Hombres. Total habitantes. Personas. ;Personas; ;2021-01-01T00:00:00.000+01:00;A;Definitivo;2021;951083.0;"[{""Id"": 41, ""T3_Variable"": ""Provincias"", ""Nombre"": ""Sevilla"", ""Codigo"": ""41""}, {""Id"": 452, ""T3_Variable"": ""Sexo"", ""Nombre"": ""Hombres"", ""Codigo"": ""1""}, {""Id"": 8677, ""T3_Variable"": ""Tamaño de los municipios"", ""Nombre"": ""Total habitantes"", ""Codigo"": ""0""}, {""Id"": 20258, ""T3_Variable"": ""Tipo de dato"", ""Nombre"": ""Personas"", ""Codigo"": """"}]";2852;2026-09-07T22:13:34.997660
DPOP18300;Sevilla. Mujeres. Total habitantes. Personas. ;Personas; ;2021-01-01T00:00:00.000+01:00;A;Definitivo;2021;996769.0;"[{""Id"": 41, ""T3_Variable"": ""Provincias"", ""Nombre"": ""Sevilla"", ""Codigo"": ""41""}, {""Id"": 453, ""T3_Variable"": ""Sexo"", ""Nombre"": ""Mujeres"", ""Codigo"": ""2""}, {""Id"": 8677, ""T3_Variable"": ""Tamaño de los municipios"", ""Nombre"": ""Total habitantes"", ""Codigo"": ""0""}, {""Id"": 20258, ""T3_Variable"": ""Tipo de dato"", ""Nombre"": ""Personas"", ""Codigo"": """"}]";2852;2026-09-07T22:13:34.997660
DPOP18616;Soria. Total. Total habitantes. Personas. ;Personas; ;2021-01-01T00:00:00.000+01:00;A;Definitivo;2021;88747.0;"[{""Id"": 42, ""T3_Variable"": ""Provincias"", ""Nombre"": ""Soria"", ""Codigo"": ""42""}, {""Id"": 451, ""T3_Variable"": ""Sexo"", ""Nombre"": ""Total"", ""Codigo"": ""0""}, {""Id"": 8677, ""T3_Variable"": ""Tamaño de los municipios"", ""Nombre"": ""Total habitantes"", ""Codigo"": ""0""}, {""Id"": 20258, ""T3_Variable"": ""Tipo de dato"", ""Nombre"": ""Personas"", ""Codigo"": """"}]";2852;2026-09-07T22:13:34.997660
DPOP18617;Soria. Hombres. Total habitantes. Personas. ;Personas; ;2021-01-01T00:00:00.000+01:00;A;Definitivo;2021;44920.0;"[{""Id"": 42, ""T3_Variable"": ""Provincias"", ""Nombre"": ""Soria"", ""Codigo"": ""42""}, {""Id"": 452, ""T3_Variable"": ""Sexo"", ""Nombre"": ""Hombres"", ""Codigo"": ""1""}, {""Id"": 8677, ""T3_Variable"": ""Tamaño de los municipios"", ""Nombre"": ""Total habitantes"", ""Codigo"": ""0""}, {""Id"": 20258, ""T3_Variable"": ""Tipo de dato"", ""Nombre"": ""Personas"", ""Codigo"": """"}]";2852;2026-09-07T22:13:34.997660
DPOP18618;Soria. Mujeres. Total habitantes. Personas. ;Personas; ;2021-01-01T00:00:00.000+01:00;A;Definitivo;2021;43827.0;"[{""Id"": 42, ""T3_Variable"": ""Provincias"", ""Nombre"": ""Soria"", ""Codigo"": ""42""}, {""Id"": 453, ""T3_Variable"": ""Sexo"", ""Nombre"": ""Mujeres"", ""Codigo"": ""2""}, {""Id"": 8677, ""T3_Variable"": ""Tamaño de los municipios"", ""Nombre"": ""Total habitantes"", ""Codigo"": ""0""}, {""Id"": 20258, ""T3_Variable"": ""Tipo de dato"", ""Nombre"": ""Personas"", ""Codigo"": """"}]";2852;2026-09-07T22:13:34.997660
DPOP19168;Tarragona. Total. Total habitantes. Personas. ;Personas; ;2021-01-01T00:00:00.000+01:00;A;Definitivo;2021;822309.0;"[{""Id"": 43, ""T3_Variable"": ""Provincias"", ""Nombre"": ""Tarragona"", ""Codigo"": ""43""}, {""Id"": 451, ""T3_Variable"": ""Sexo"", ""Nombre"": ""Total"", ""Codigo"": ""0""}, {""Id"": 8677, ""T3_Variable"": ""Tamaño de los municipios"", ""Nombre"": ""Total habitantes"", ""Codigo"": ""0""}, {""Id"": 20258, ""T3_Variable"": ""Tipo de dato"", ""Nombre"": ""Personas"", ""Codigo"": """"}]";2852;2026-09-07T22:13:34.997660
DPOP19169;Tarragona. Hombres. Total habitantes. Personas. ;Personas; ;2021-01-01T00:00:00.000+01:00;A;Definitivo;2021;410656.0;"[{""Id"": 43, ""T3_Variable"": ""Provincias"", ""Nombre"": ""Tarragona"", ""Codigo"": ""43""}, {""Id"": 452, ""T3_Variable"": ""Sexo"", ""Nombre"": ""Hombres"", ""Codigo"": ""1""}, {""Id"": 8677, ""T3_Variable"": ""Tamaño de los municipios"", ""Nombre"": ""Total habitantes"", ""Codigo"": ""0""}, {""Id"": 20258, ""T3_Variable"": ""Tipo de dato"", ""Nombre"": ""Personas"", ""Codigo"": """"}]";2852;2026-09-07T22:13:34.997660
DPOP19170;Tarragona. Mujeres. Total habitantes. Personas. ;Personas; ;2021-01-01T00:00:00.000+01:00;A;Definitivo;2021;411653.0;"[{""Id"": 43, ""T3_Variable"": ""Provincias"", ""Nombre"": ""Tarragona"", ""Codigo"": ""43""}, {""Id"": 453, ""T3_Variable"": ""Sexo"", ""Nombre"": ""Mujeres"", ""Codigo"": ""2""}, {""Id"": 8677, ""T3_Variable"": ""Tamaño de los municipios"", ""Nombre"": ""Total habitantes"", ""Codigo"": ""0""}, {""Id"": 20258, ""T3_Variable"": ""Tipo de dato"", ""Nombre"": ""Personas"", ""Codigo"": """"}]";2852;2026-09-07T22:13:34.997660
DPOP19720;Teruel. Total. Total habitantes. Personas. ;Personas; ;2021-01-01T00:00:00.000+01:00;A;Definitivo;2021;134545.0;"[{""Id"": 44, ""T3_Variable"": ""Provincias"", ""Nombre"": ""Teruel"", ""Codigo"": ""44""}, {""Id"": 451, ""T3_Variable"": ""Sexo"", ""Nombre"": ""Total"", ""Codigo"": ""0""}, {""Id"": 8677, ""T3_Variable"": ""Tamaño de los municipios"", ""Nombre"": ""Total habitantes"", ""Codigo"": ""0""}, {""Id"": 20258, ""T3_Variable"": ""Tipo de dato"", ""Nombre"": ""Personas"", ""Codigo"": """"}]";2852;2026-09-07T22:13:34.997660
DPOP19721;Teruel. Hombres. Total habitantes. Personas. ;Personas; ;2021-01-01T00:00:00.000+01:00;A;Definitivo;2021;68287.0;"[{""Id"": 44, ""T3_Variable"": ""Provincias"", ""Nombre"": ""Teruel"", ""Codigo"": ""44""}, {""Id"": 452, ""T3_Variable"": ""Sexo"", ""Nombre"": ""Hombres"", ""Codigo"": ""1""}, {""Id"": 8677, ""T3_Variable"": ""Tamaño de los municipios"", ""Nombre"": ""Total habitantes"", ""Codigo"": ""0""}, {""Id"": 20258, ""T3_Variable"": ""Tipo de dato"", ""Nombre"": ""Personas"", ""Codigo"": """"}]";2852;2026-09-07T22:13:34.997660
DPOP19722;Teruel. Mujeres. Total habitantes. Personas. ;Personas; ;2021-01-01T00:00:00.000+01:00;A;Definitivo;2021;66258.0;"[{""Id"": 44, ""T3_Variable"": ""Provincias"", ""Nombre"": ""Teruel"", ""Codigo"": ""44""}, {""Id"": 453, ""T3_Variable"": ""Sexo"", ""Nombre"": ""Mujeres"", ""Codigo"": ""2""}, {""Id"": 8677, ""T3_Variable"": ""Tamaño de los municipios"", ""Nombre"": ""Total habitantes"", ""Codigo"": ""0""}, {""Id"": 20258, ""T3_Variable"": ""Tipo de dato"", ""Nombre"": ""Personas"", ""Codigo"": """"}]";2852;2026-09-07T22:13:34.997660
DPOP20431;Toledo. Total. Total habitantes. Personas. ;Personas; ;2021-01-01T00:00:00.000+01:00;A;Definitivo;2021;709403.0;"[{""Id"": 45, ""T3_Variable"": ""Provincias"", ""Nombre"": ""Toledo"", ""Codigo"": ""45""}, {""Id"": 451, ""T3_Variable"": ""Sexo"", ""Nombre"": ""Total"", ""Codigo"": ""0""}, {""Id"": 8677, ""T3_Variable"": ""Tamaño de los municipios"", ""Nombre"": ""Total habitantes"", ""Codigo"": ""0""}, {""Id"": 20258, ""T3_Variable"": ""Tipo de dato"", ""Nombre"": ""Personas"", ""Codigo"": """"}]";2852;2026-09-07T22:13:34.997660
DPOP20432;Toledo. Hombres. Total habitantes. Personas. ;Personas; ;2021-01-01T00:00:00.000+01:00;A;Definitivo;2021;356418.0;"[{""Id"": 45, ""T3_Variable"": ""Provincias"", ""Nombre"": ""Toledo"", ""Codigo"": ""45""}, {""Id"": 452, ""T3_Variable"": ""Sexo"", ""Nombre"": ""Hombres"", ""Codigo"": ""1""}, {""Id"": 8677, ""T3_Variable"": ""Tamaño de los municipios"", ""Nombre"": ""Total habitantes"", ""Codigo"": ""0""}, {""Id"": 20258, ""T3_Variable"": ""Tipo de dato"", ""Nombre"": ""Personas"", ""Codigo"": """"}]";2852;2026-09-07T22:13:34.997660
DPOP20433;Toledo. Mujeres. Total habitantes. Personas. ;Personas; ;2021-01-01T00:00:00.000+01:00;A;Definitivo;2021;352985.0;"[{""Id"": 45, ""T3_Variable"": ""Provincias"", ""Nombre"": ""Toledo"", ""Codigo"": ""45""}, {""Id"": 453, ""T3_Variable"": ""Sexo"", ""Nombre"": ""Mujeres"", ""Codigo"": ""2""}, {""Id"": 8677, ""T3_Variable"": ""Tamaño de los municipios"", ""Nombre"": ""Total habitantes"", ""Codigo"": ""0""}, {""Id"": 20258, ""T3_Variable"": ""Tipo de dato"", ""Nombre"": ""Personas"", ""Codigo"": """"}]";2852;2026-09-07T22:13:34.997660
DPOP21046;Valencia/València. Total. Total habitantes. Personas. ;Personas; ;2021-01-01T00:00:00.000+01:00;A;Definitivo;2021;2589312.0;"[{""Id"": 46, ""T3_Variable"": ""Provincias"", ""Nombre"": ""Valencia/València"", ""Codigo"": ""46""}, {""Id"": 451, ""T3_Variable"": ""Sexo"", ""Nombre"": ""Total"", ""Codigo"": ""0""}, {""Id"": 8677, ""T3_Variable"": ""Tamaño de los municipios"", ""Nombre"": ""Total habitantes"", ""Codigo"": ""0""}, {""Id"": 20258, ""T3_Variable"": ""Tipo de dato"", ""Nombre"": ""Personas"", ""Codigo"": """"}]";2852;2026-09-07T22:13:34.997660
DPOP21047;Valencia/València. Hombres. Total habitantes. Personas. ;Personas; ;2021-01-01T00:00:00.000+01:00;A;Definitivo;2021;1267961.0;"[{""Id"": 46, ""T3_Variable"": ""Provincias"", ""Nombre"": ""Valencia/València"", ""Codigo"": ""46""}, {""Id"": 452, ""T3_Variable"": ""Sexo"", ""Nombre"": ""Hombres"", ""Codigo"": ""1""}, {""Id"": 8677, ""T3_Variable"": ""Tamaño de los municipios"", ""Nombre"": ""Total habitantes"", ""Codigo"": ""0""}, {""Id"": 20258, ""T3_Variable"": ""Tipo de dato"", ""Nombre"": ""Personas"", ""Codigo"": """"}]";2852;2026-09-07T22:13:34.997660
DPOP21048;Valencia/València. Mujeres. Total habitantes. Personas. ;Personas; ;2021-01-01T00:00:00.000+01:00;A;Definitivo;2021;1321351.0;"[{""Id"": 46, ""T3_Variable"": ""Provincias"", ""Nombre"": ""Valencia/València"", ""Codigo"": ""46""}, {""Id"": 453, ""T3_Variable"": ""Sexo"", ""Nombre"": ""Mujeres"", ""Codigo"": ""2""}, {""Id"": 8677, ""T3_Variable"": ""Tamaño de los municipios"", ""Nombre"": ""Total habitantes"", ""Codigo"": ""0""}, {""Id"": 20258, ""T3_Variable"": ""Tipo de dato"", ""Nombre"": ""Personas"", ""Codigo"": """"}]";2852;2026-09-07T22:13:34.997660
DPOP21844;Valladolid. Total. Total habitantes. Personas. ;Personas; ;2021-01-01T00:00:00.000+01:00;A;Definitivo;2021;519361.0;"[{""Id"": 47, ""T3_Variable"": ""Provincias"", ""Nombre"": ""Valladolid"", ""Codigo"": ""47""}, {""Id"": 451, ""T3_Variable"": ""Sexo"", ""Nombre"": ""Total"", ""Codigo"": ""0""}, {""Id"": 8677, ""T3_Variable"": ""Tamaño de los municipios"", ""Nombre"": ""Total habitantes"", ""Codigo"": ""0""}, {""Id"": 20258, ""T3_Variable"": ""Tipo de dato"", ""Nombre"": ""Personas"", ""Codigo"": """"}]";2852;2026-09-07T22:13:34.997660
DPOP21845;Valladolid. Hombres. Total habitantes. Personas. ;Personas; ;2021-01-01T00:00:00.000+01:00;A;Definitivo;2021;252843.0;"[{""Id"": 47, ""T3_Variable"": ""Provincias"", ""Nombre"": ""Valladolid"", ""Codigo"": ""47""}, {""Id"": 452, ""T3_Variable"": ""Sexo"", ""Nombre"": ""Hombres"", ""Codigo"": ""1""}, {""Id"": 8677, ""T3_Variable"": ""Tamaño de los municipios"", ""Nombre"": ""Total habitantes"", ""Codigo"": ""0""}, {""Id"": 20258, ""T3_Variable"": ""Tipo de dato"", ""Nombre"": ""Personas"", ""Codigo"": """"}]";2852;2026-09-07T22:13:34.997660
DPOP21846;Valladolid. Mujeres. Total habitantes. Personas. ;Personas; ;2021-01-01T00:00:00.000+01:00;A;Definitivo;2021;266518.0;"[{""Id"": 47, ""T3_Variable"": ""Provincias"", ""Nombre"": ""Valladolid"", ""Codigo"": ""47""}, {""Id"": 453, ""T3_Variable"": ""Sexo"", ""Nombre"": ""Mujeres"", ""Codigo"": ""2""}, {""Id"": 8677, ""T3_Variable"": ""Tamaño de los municipios"", ""Nombre"": ""Total habitantes"", ""Codigo"": ""0""}, {""Id"": 20258, ""T3_Variable"": ""Tipo de dato"", ""Nombre"": ""Personas"", ""Codigo"": """"}]";2852;2026-09-07T22:13:34.997660
DPOP22858;Zamora. Total. Total habitantes. Personas. ;Personas; ;2021-01-01T00:00:00.000+01:00;A;Definitivo;2021;168725.0;"[{""Id"": 49, ""T3_Variable"": ""Provincias"", ""Nombre"": ""Zamora"", ""Codigo"": ""49""}, {""Id"": 451, ""T3_Variable"": ""Sexo"", ""Nombre"": ""Total"", ""Codigo"": ""0""}, {""Id"": 8677, ""T3_Variable"": ""Tamaño de los municipios"", ""Nombre"": ""Total habitantes"", ""Codigo"": ""0""}, {""Id"": 20258, ""T3_Variable"": ""Tipo de dato"", ""Nombre"": ""Personas"", ""Codigo"": """"}]";2852;2026-09-07T22:13:34.997660
DPOP22859;Zamora. Hombres. Total habitantes. Personas. ;Personas; ;2021-01-01T00:00:00.000+01:00;A;Definitivo;2021;83551.0;"[{""Id"": 49, ""T3_Variable"": ""Provincias"", ""Nombre"": ""Zamora"", ""Codigo"": ""49""}, {""Id"": 452, ""T3_Variable"": ""Sexo"", ""Nombre"": ""Hombres"", ""Codigo"": ""1""}, {""Id"": 8677, ""T3_Variable"": ""Tamaño de los municipios"", ""Nombre"": ""Total habitantes"", ""Codigo"": ""0""}, {""Id"": 20258, ""T3_Variable"": ""Tipo de dato"", ""Nombre"": ""Personas"", ""Codigo"": """"}]";2852;2026-09-07T22:13:34.997660
DPOP22860;Zamora. Mujeres. Total habitantes. Personas. ;Personas; ;2021-01-01T00:00:00.000+01:00;A;Definitivo;2021;85174.0;"[{""Id"": 49, ""T3_Variable"": ""Provincias"", ""Nombre"": ""Zamora"", ""Codigo"": ""49""}, {""Id"": 453, ""T3_Variable"": ""Sexo"", ""Nombre"": ""Mujeres"", ""Codigo"": ""2""}, {""Id"": 8677, ""T3_Variable"": ""Tamaño de los municipios"", ""Nombre"": ""Total habitantes"", ""Codigo"": ""0""}, {""Id"": 20258, ""T3_Variable"": ""Tipo de dato"", ""Nombre"": ""Personas"", ""Codigo"": """"}]";2852;2026-09-07T22:13:34.997660
DPOP23605;Zaragoza. Total. Total habitantes. Personas. ;Personas; ;2021-01-01T00:00:00.000+01:00;A;Definitivo;2021;967452.0;"[{""Id"": 50, ""T3_Variable"": ""Provincias"", ""Nombre"": ""Zaragoza"", ""Codigo"": ""50""}, {""Id"": 451, ""T3_Variable"": ""Sexo"", ""Nombre"": ""Total"", ""Codigo"": ""0""}, {""Id"": 8677, ""T3_Variable"": ""Tamaño de los municipios"", ""Nombre"": ""Total habitantes"", ""Codigo"": ""0""}, {""Id"": 20258, ""T3_Variable"": ""Tipo de dato"", ""Nombre"": ""Personas"", ""Codigo"": """"}]";2852;2026-09-07T22:13:34.997660
DPOP23606;Zaragoza. Hombres. Total habitantes. Personas. ;Personas; ;2021-01-01T00:00:00.000+01:00;A;Definitivo;2021;473354.0;"[{""Id"": 50, ""T3_Variable"": ""Provincias"", ""Nombre"": ""Zaragoza"", ""Codigo"": ""50""}, {""Id"": 452, ""T3_Variable"": ""Sexo"", ""Nombre"": ""Hombres"", ""Codigo"": ""1""}, {""Id"": 8677, ""T3_Variable"": ""Tamaño de los municipios"", ""Nombre"": ""Total habitantes"", ""Codigo"": ""0""}, {""Id"": 20258, ""T3_Variable"": ""Tipo de dato"", ""Nombre"": ""Personas"", ""Codigo"": """"}]";2852;2026-09-07T22:13:34.997660
DPOP23607;Zaragoza. Mujeres. Total habitantes. Personas. ;Personas; ;2021-01-01T00:00:00.000+01:00;A;Definitivo;2021;494098.0;"[{""Id"": 50, ""T3_Variable"": ""Provincias"", ""Nombre"": ""Zaragoza"", ""Codigo"": ""50""}, {""Id"": 453, ""T3_Variable"": ""Sexo"", ""Nombre"": ""Mujeres"", ""Codigo"": ""2""}, {""Id"": 8677, ""T3_Variable"": ""Tamaño de los municipios"", ""Nombre"": ""Total habitantes"", ""Codigo"": ""0""}, {""Id"": 20258, ""T3_Variable"": ""Tipo de dato"", ""Nombre"": ""Personas"", ""Codigo"": """"}]";2852;2026-09-07T22:13:34.997660
DPOP33147;Ceuta. Total. Total habitantes. Personas. ;Personas; ;2021-01-01T00:00:00.000+01:00;A;Definitivo;2021;83517.0;"[{""Id"": 51, ""T3_Variable"": ""Provincias"", ""Nombre"": ""Ceuta"", ""Codigo"": ""51""}, {""Id"": 451, ""T3_Variable"": ""Sexo"", ""Nombre"": ""Total"", ""Codigo"": ""0""}, {""Id"": 8677, ""T3_Variable"": ""Tamaño de los municipios"", ""Nombre"": ""Total habitantes"", ""Codigo"": ""0""}, {""Id"": 20258, ""T3_Variable"": ""Tipo de dato"", ""Nombre"": ""Personas"", ""Codigo"": """"}]";2852;2026-09-07T22:13:34.997660
DPOP33146;Ceuta. Hombres. Total habitantes. Personas. ;Personas; ;2021-01-01T00:00:00.000+01:00;A;Definitivo;2021;42208.0;"[{""Id"": 51, ""T3_Variable"": ""Provincias"", ""Nombre"": ""Ceuta"", ""Codigo"": ""51""}, {""Id"": 452, ""T3_Variable"": ""Sexo"", ""Nombre"": ""Hombres"", ""Codigo"": ""1""}, {""Id"": 8677, ""T3_Variable"": ""Tamaño de los municipios"", ""Nombre"": ""Total habitantes"", ""Codigo"": ""0""}, {""Id"": 20258, ""T3_Variable"": ""Tipo de dato"", ""Nombre"": ""Personas"", ""Codigo"": """"}]";2852;2026-09-07T22:13:34.997660
DPOP33145;Ceuta. Mujeres. Total habitantes. Personas. ;Personas; ;2021-01-01T00:00:00.000+01:00;A;Definitivo;2021;41309.0;"[{""Id"": 51, ""T3_Variable"": ""Provincias"", ""Nombre"": ""Ceuta"", ""Codigo"": ""51""}, {""Id"": 453, ""T3_Variable"": ""Sexo"", ""Nombre"": ""Mujeres"", ""Codigo"": ""2""}, {""Id"": 8677, ""T3_Variable"": ""Tamaño de los municipios"", ""Nombre"": ""Total habitantes"", ""Codigo"": ""0""}, {""Id"": 20258, ""T3_Variable"": ""Tipo de dato"", ""Nombre"": ""Personas"", ""Codigo"": """"}]";2852;2026-09-07T22:13:34.997660
DPOP33144;Melilla. Total. Total habitantes. Personas. ;Personas; ;2021-01-01T00:00:00.000+01:00;A;Definitivo;2021;86261.0;"[{""Id"": 52, ""T3_Variable"": ""Provincias"", ""Nombre"": ""Melilla"", ""Codigo"": ""52""}, {""Id"": 451, ""T3_Variable"": ""Sexo"", ""Nombre"": ""Total"", ""Codigo"": ""0""}, {""Id"": 8677, ""T3_Variable"": ""Tamaño de los municipios"", ""Nombre"": ""Total habitantes"", ""Codigo"": ""0""}, {""Id"": 20258, ""T3_Variable"": ""Tipo de dato"", ""Nombre"": ""Personas"", ""Codigo"": """"}]";2852;2026-09-07T22:13:34.997660
DPOP33143;Melilla. Hombres. Total habitantes. Personas. ;Personas; ;2021-01-01T00:00:00.000+01:00;A;Definitivo;2021;43603.0;"[{""Id"": 52, ""T3_Variable"": ""Provincias"", ""Nombre"": ""Melilla"", ""Codigo"": ""52""}, {""Id"": 452, ""T3_Variable"": ""Sexo"", ""Nombre"": ""Hombres"", ""Codigo"": ""1""}, {""Id"": 8677, ""T3_Variable"": ""Tamaño de los municipios"", ""Nombre"": ""Total habitantes"", ""Codigo"": ""0""}, {""Id"": 20258, ""T3_Variable"": ""Tipo de dato"", ""Nombre"": ""Personas"", ""Codigo"": """"}]";2852;2026-09-07T22:13:34.997660
DPOP33142;Melilla. Mujeres. Total habitantes. Personas. ;Personas; ;2021-01-01T00:00:00.000+01:00;A;Definitivo;2021;42658.0;"[{""Id"": 52, ""T3_Variable"": ""Provincias"", ""Nombre"": ""Melilla"", ""Codigo"": ""52""}, {""Id"": 453, ""T3_Variable"": ""Sexo"", ""Nombre"": ""Mujeres"", ""Codigo"": ""2""}, {""Id"": 8677, ""T3_Variable"": ""Tamaño de los municipios"", ""Nombre"": ""Total habitantes"", ""Codigo"": ""0""}, {""Id"": 20258, ""T3_Variable"": ""Tipo de dato"", ""Nombre"": ""Personas"", ""Codigo"": """"}]";2852;2026-09-07T22:13:34.997660
