cod_prov,provincia,comunidad_autonoma,temporada_alta,presion_turistica_hab,estacionalidad_cv,ocupacion_hotel_media,ocupacion_hotel_pico,ocupacion_hotel_finsemana,poblacion,viajeros_hotel_anual,estancia_media_hotel,plazas_hotel_media,puntos_turisticos_ine,adr_medio,revpar_max,plazas_rural_media,ocupacion_rural_media,viajeros_rural_anual,estancia_media_rural,hoteles_osm,restaurantes_osm,atracciones_osm,museos_osm,total_poi_osm,cluster_saturacion_id,cluster_saturacion,activos_culturales,capacidad_rural_libre,margen_hotel_valle,cluster_potencial_id,cluster_potencial,indice_saturacion,indice_potencial,politica_recomendada
01,Araba/Álava,País Vasco/Euskadi,M08,1.484581537410154,0.2063756287072902,55.09,73.98,63.79,333626.0,456184.0,2.16,5332.0,1,92.07083333333333,89.31,998.0,23.73,22528.0,2.39,31,245,11,15,302,2,Grandes Metrópolis,26,761.1745999999999,2394.6011999999996,0,Alto Potencial Cultural y Desestacionalizable,-0.12720160850934029,-0.25832031079651735,Alerta de Saturación: Contención y Desvío de Demanda
02,Albacete,Castilla-La Mancha,M09,1.0598166970274074,0.1890403156921354,35.78,57.0,44.47,386464.0,370581.0,2.15,6276.0,1,66.4875,50.1,4993.0,16.63,93888.0,2.57,11,133,2,6,152,0,Desaprovechado,8,4162.6641,4030.4472,0,Alto Potencial Cultural y Desestacionalizable,-0.6644989840910479,-0.055328018382572605,Turismo Pausado / Ecoturismo de Nicho
03,Alacant/Alicante,Comunitat Valenciana,M08,2.710712619342935,0.2639281906572524,62.1,80.19,68.39,1881762.0,4346856.0,3.79,78530.0,3,106.2075,136.07,1665.0,18.27,24449.0,2.3,55,526,14,12,607,2,Grandes Metrópolis,26,1360.8045,29762.87,0,Alto Potencial Cultural y Desestacionalizable,0.393111311875161,0.38305543879603154,Desestacionalización y Gestión de Flujos
04,Almería,Andalucía,M08,2.166413407088353,0.6137589504960345,44.5,70.89,50.75,731792.0,1364689.0,3.34,28399.0,4,89.28750000000001,137.15,1307.0,16.38,16255.0,2.34,5,16,1,0,22,2,Grandes Metrópolis,1,1092.9134000000001,15761.444999999998,2,Potencial Ecoturístico y Rural de Interior,0.7950385701578577,-0.8218670600666312,Alerta de Saturación: Contención y Desvío de Demanda
05,Ávila,Castilla y León,M08,2.489127072799692,0.200240148151475,35.48,47.94,50.4,158421.0,353460.0,1.59,4808.0,1,69.87416666666667,36.13,5640.0,15.52,101890.0,2.33,21,63,14,8,106,0,Desaprovechado,22,4764.672,3102.1216,0,Alto Potencial Cultural y Desestacionalizable,-0.5745089060284378,0.0940107308355425,Objetivo Prioritario: Inversión y Diversificación
06,Badajoz,Extremadura,M08,1.1216700525268568,0.2090945167450689,39.42,50.81,46.67,669943.0,672116.0,1.68,8905.0,1,65.20333333333333,37.18,2797.0,15.31,48886.0,1.99,12,93,5,5,115,0,Desaprovechado,10,2368.7793,5394.649,0,Alto Potencial Cultural y Desestacionalizable,-0.761022296010212,-0.28270530965152607,Turismo Pausado / Ecoturismo de Nicho
07,Illes Balears,Illes Balears,M08,10.835637949613302,0.8076917898411009,64.99,89.65,67.13,1173008.0,10843552.0,5.3,214758.0,12,136.4358333333333,194.11,8146.0,49.89,68101.0,2.46,139,615,23,13,790,3,Destinos Maduros,36,4081.9606,75186.77580000002,1,Megadestinos con Gran Capacidad Ociosa en Valle,3.409165875726192,1.5996712027237454,Desestacionalización y Gestión de Flujos
08,Barcelona,Cataluña/Catalunya,M08,2.4991938376791203,0.183283139479139,63.51,78.65,67.88,5714730.0,11908333.0,2.51,145061.0,4,150.6266666666667,140.75,4756.0,24.1,106956.0,2.39,509,4041,109,90,4749,1,Hipersaturado,199,3609.804,52932.7589,1,Megadestinos con Gran Capacidad Ociosa en Valle,0.1425247923924865,1.7194345711381702,Desestacionalización y Gestión de Flujos
09,Burgos,Castilla y León,M08,2.728522278861412,0.3143399086924776,46.32,63.7,55.49,356055.0,893541.0,1.49,8423.0,1,73.12833333333334,60.4,4055.0,19.93,86152.0,2.33,53,292,5,13,363,0,Desaprovechado,18,3246.8385,4521.466399999999,0,Alto Potencial Cultural y Desestacionalizable,0.1000168225311548,0.07035141923830807,Desestacionalización y Gestión de Flujos
10,Cáceres,Extremadura,M08,1.700807068523814,0.2157306390907707,37.26,48.44,48.06,389558.0,567236.0,1.83,8886.0,1,76.46666666666667,48.71,7506.0,17.41,137251.0,2.25,28,104,6,15,153,0,Desaprovechado,21,6199.2054,5575.0764,0,Alto Potencial Cultural y Desestacionalizable,-0.6883203060821456,0.3851105713412137,Objetivo Prioritario: Inversión y Diversificación
11,Cádiz,Andalucía,M08,2.4078164628077947,0.4108596354576166,51.89,80.55,61.12,1245960.0,2528531.0,3.09,41763.0,7,108.45583333333332,160.02,1234.0,20.77,20393.0,2.38,35,215,92,17,359,2,Grandes Metrópolis,109,977.6982,20092.1793,0,Alto Potencial Cultural y Desestacionalizable,0.6512638350739136,0.31986526139335747,Desestacionalización y Gestión de Flujos
12,Castelló/Castellón,Comunitat Valenciana,M08,2.294775356690242,0.4532123604916981,48.83,75.78,57.8,587064.0,1150675.0,3.01,19098.0,1,88.20583333333333,118.75,2752.0,13.49,33258.0,2.81,16,215,5,13,249,2,Grandes Metrópolis,18,2380.7552,9772.446600000001,0,Alto Potencial Cultural y Desestacionalizable,0.6013359781944089,0.00278658182302699,Alerta de Saturación: Contención y Desvío de Demanda
13,Ciudad Real,Castilla-La Mancha,M08,0.8996408785381788,0.1835013554914922,30.39,36.27,39.77,492591.0,391319.0,1.74,6717.0,1,60.67916666666667,29.71,2204.0,13.33,43539.0,1.94,11,19,2,6,38,0,Desaprovechado,8,1910.2068000000002,4675.7037,2,Potencial Ecoturístico y Rural de Interior,-1.2152791481924834,-0.5927259806866592,Turismo Pausado / Ecoturismo de Nicho
14,Córdoba,Andalucía,M10,1.448022564686163,0.1649222048398685,46.9,58.9,56.61,776789.0,988147.0,1.7,11335.0,1,84.03333333333333,79.52,2205.0,11.61,21420.0,2.43,70,361,53,18,502,0,Desaprovechado,71,1948.9995000000001,6018.885,0,Alto Potencial Cultural y Desestacionalizable,-0.5908102479423653,0.19921043206737202,Objetivo Prioritario: Inversión y Diversificación
15,A Coruña,Galicia,M08,2.11058944733398,0.4260063910732186,44.23,69.66,51.22,1120134.0,2131148.0,1.78,24519.0,2,76.73083333333334,68.24,1307.0,24.73,31665.0,1.84,52,498,20,25,595,0,Desaprovechado,45,983.7789,13674.246300000003,0,Alto Potencial Cultural y Desestacionalizable,0.357152584234466,0.15389714490754278,Desestacionalización y Gestión de Flujos
16,Cuenca,Castilla-La Mancha,M08,1.53481556496655,0.2373115004214541,28.46,37.14,38.69,195516.0,279988.0,1.75,5062.0,1,71.99249999999999,32.51,4023.0,13.68,64470.0,2.25,29,75,16,10,130,0,Desaprovechado,26,3472.6535999999996,3621.3548,0,Alto Potencial Cultural y Desestacionalizable,-0.9524367106079074,-0.020025339790770334,Turismo Pausado / Ecoturismo de Nicho
17,Girona,Cataluña/Catalunya,M08,5.824170222070796,0.5235808197387745,53.01,82.93,62.32,786596.0,3845356.0,2.99,57766.0,1,98.1075,126.87,6556.0,23.17,127788.0,2.43,37,329,8,11,385,2,Grandes Metrópolis,19,5036.9748,27144.2434,0,Alto Potencial Cultural y Desestacionalizable,1.6355406649795359,0.720473367344861,Desestacionalización y Gestión de Flujos
18,Granada,Andalucía,M10,3.1417340867303856,0.1223685361550411,51.41,58.97,59.91,921338.0,2415853.0,2.15,31575.0,3,97.83666666666666,69.88,1940.0,15.98,27827.0,2.33,135,574,57,27,793,0,Desaprovechado,84,1629.988,15342.2925,0,Alto Potencial Cultural y Desestacionalizable,-0.33789479408596645,0.4041737357973144,Objetivo Prioritario: Inversión y Diversificación
19,Guadalajara,Castilla-La Mancha,M10,1.157989065771044,0.1616311615732258,32.81,38.48,41.5,265588.0,270721.0,1.8,4471.0,2,80.31916666666667,38.75,3423.0,16.86,69393.0,2.17,1,0,0,0,1,0,Desaprovechado,0,2845.8822,3004.0649,2,Potencial Ecoturístico y Rural de Interior,-1.1554144548758207,-1.2931834409783514,Turismo Pausado / Ecoturismo de Nicho
20,Gipuzkoa,País Vasco/Euskadi,M08,2.2011258441420707,0.2148081796712047,60.54,83.88,69.29,726033.0,1390782.0,2.06,14272.0,1,140.51166666666666,193.68,1954.0,31.43,41687.0,2.9,100,459,9,16,584,2,Grandes Metrópolis,25,1339.8578,5631.731200000001,0,Alto Potencial Cultural y Desestacionalizable,0.27695336735952075,-0.052341213077334414,Alerta de Saturación: Contención y Desvío de Demanda
21,Huelva,Andalucía,M08,2.2776041914288703,0.643627977491385,48.26,76.1,55.97,525835.0,927504.0,3.58,19089.0,0,101.1875,132.45,1222.0,20.15,27413.0,2.12,9,85,15,5,114,2,Grandes Metrópolis,20,975.7669999999999,9876.648600000002,0,Alto Potencial Cultural y Desestacionalizable,1.0078984288160824,-0.2845815691979677,Alerta de Saturación: Contención y Desvío de Demanda
22,Huesca,Aragón,M08,4.4732681125816,0.3260174784998244,41.0,65.2,50.72,224264.0,838694.0,2.22,14138.0,1,89.35416666666667,65.66,4439.0,19.55,71016.0,2.89,7,12,1,1,21,0,Desaprovechado,2,3571.1755,8341.420000000002,2,Potencial Ecoturístico y Rural de Interior,0.5127190611992583,-0.5687932767753006,Alerta de Saturación: Contención y Desvío de Demanda
23,Jaén,Andalucía,M10,0.924882412028253,0.1875214595212689,35.0,42.83,46.83,627190.0,522139.0,1.79,8109.0,1,70.08166666666666,34.09,1798.0,13.51,25280.0,2.32,6,152,2,6,166,0,Desaprovechado,8,1555.0902,5270.85,0,Alto Potencial Cultural y Desestacionalizable,-1.0413204043343562,-0.37091314743607084,Turismo Pausado / Ecoturismo de Nicho
24,León,Castilla y León,M08,1.932473777191359,0.32374277343697,39.95,56.67,47.86,451706.0,786862.0,1.66,9667.0,1,64.29333333333334,47.12,3435.0,16.94,57286.0,2.18,0,3,0,0,3,0,Desaprovechado,0,2853.111,5805.0335000000005,2,Potencial Ecoturístico y Rural de Interior,-0.21230885993919738,-1.0677715463452173,Turismo Pausado / Ecoturismo de Nicho
25,Lleida,Cataluña/Catalunya,M08,2.182022027303304,0.2471522239993452,37.64,55.64,47.24,439727.0,805339.0,2.17,15116.0,2,90.02083333333333,72.0,3725.0,17.02,63383.0,2.47,15,194,3,9,221,0,Desaprovechado,12,3091.005,9426.337599999999,0,Alto Potencial Cultural y Desestacionalizable,-0.34901110113308514,0.00823842305907313,Turismo Pausado / Ecoturismo de Nicho
26,La Rioja,La Rioja,M08,2.044034321880199,0.3024378079757115,43.96,63.74,58.33,319796.0,636582.0,1.73,6728.0,1,83.22666666666667,61.25,1058.0,19.47,22469.0,2.2,26,110,16,5,157,0,Desaprovechado,21,852.0074,3770.3712,0,Alto Potencial Cultural y Desestacionalizable,-0.061989707049814595,-0.36320078305091685,Alerta de Saturación: Contención y Desvío de Demanda
27,Lugo,Galicia,M08,2.5637014474882904,0.5173159422871373,36.87,62.8,41.93,326013.0,768713.0,1.65,9448.0,2,62.88,55.05,1171.0,18.64,24337.0,1.99,1,10,3,0,14,0,Desaprovechado,3,952.7256,5964.5224,2,Potencial Ecoturístico y Rural de Interior,0.4735476396267549,-0.9307741030099432,Alerta de Saturación: Contención y Desvío de Demanda
28,Madrid,Comunidad de Madrid,M10,1.9969950754312047,0.0810702301210643,59.7,66.12,66.81,6751251.0,11299507.0,2.07,124624.0,2,148.82916666666668,144.16,3665.0,21.36,113889.0,1.79,365,4429,130,78,5002,1,Hipersaturado,208,2882.156,50223.472,1,Megadestinos con Gran Capacidad Ociosa en Valle,-0.48084818454953315,1.5950284330891127,Objetivo Prioritario: Inversión y Diversificación
29,Málaga,Andalucía,M08,3.756579036606,0.2896042604332761,61.52,79.81,66.21,1695651.0,5384669.0,3.58,93401.0,8,139.35,181.09,9698.0,22.42,52489.0,3.48,94,543,39,37,713,2,Grandes Metrópolis,76,7523.7084,35940.70479999999,1,Megadestinos con Gran Capacidad Ociosa en Valle,0.6486744690618612,1.5256468685100177,Desestacionalización y Gestión de Flujos
30,Murcia,Región de Murcia,M08,1.0079678047739655,0.2246095824412211,47.92,64.55,59.0,1518486.0,1324847.0,2.29,19233.0,2,76.59333333333333,71.24,2669.0,14.19,36576.0,2.44,21,182,16,17,236,0,Desaprovechado,33,2290.2689,10016.5464,0,Alto Potencial Cultural y Desestacionalizable,-0.41522237856366545,0.08375042905863661,Objetivo Prioritario: Inversión y Diversificación
31,Navarra,Comunidad Foral de Navarra,M08,1.7175093758928073,0.3100360631141254,46.76,67.65,54.76,661537.0,995289.0,1.97,12092.0,1,78.355,72.13,5546.0,20.85,97863.0,2.88,47,272,17,10,346,0,Desaprovechado,27,4389.659,6437.7807999999995,0,Alto Potencial Cultural y Desestacionalizable,-0.016102613131168675,0.32213584895688796,Desestacionalización y Gestión de Flujos
32,Ourense,Galicia,M08,1.1507848360051502,0.1796817301146599,32.27,48.89,38.44,305223.0,308994.0,2.0,5769.0,0,65.8325,33.93,712.0,19.21,16429.0,1.81,0,2,1,0,3,0,Desaprovechado,1,575.2248,3907.3437,2,Potencial Ecoturístico y Rural de Interior,-0.8642266093476167,-1.3140490927171093,Turismo Pausado / Ecoturismo de Nicho
33,Asturias,Principado de Asturias,M08,1.927372424371808,0.4159907921190591,43.71,74.44,53.67,1011792.0,1782023.0,2.03,22831.0,3,78.52749999999999,95.97,11819.0,19.77,194535.0,3.09,51,391,10,10,462,0,Desaprovechado,20,9482.3837,12851.569899999999,0,Alto Potencial Cultural y Desestacionalizable,0.41596597362752724,1.1126757030249883,Desestacionalización y Gestión de Flujos
34,Palencia,Castilla y León,M08,1.335583165224386,0.3588767839992229,39.43,55.3,42.57,159123.0,186330.0,1.99,2832.0,0,62.88583333333333,44.24,1715.0,17.73,33092.0,2.32,2,4,2,1,9,0,Desaprovechado,3,1410.9305,1715.3424,2,Potencial Ecoturístico y Rural de Interior,-0.2917976182461241,-1.0412163822619998,Turismo Pausado / Ecoturismo de Nicho
35,Las Palmas,Canarias,M08,5.907145433166244,0.0698636799601813,74.73,82.85,75.66,1128539.0,5639865.0,6.89,162074.0,9,142.72,133.82,658.0,37.13,7849.0,2.48,72,478,26,8,584,3,Destinos Maduros,34,413.68460000000005,40956.09979999999,1,Megadestinos con Gran Capacidad Ociosa en Valle,0.6919509983628394,0.4809087668639501,Desestacionalización y Gestión de Flujos
36,Pontevedra,Galicia,M08,1.923826215879908,0.4962703415402875,43.26,75.1,50.95,944275.0,1707473.0,2.13,21367.0,2,78.84083333333334,78.51,1295.0,18.92,24199.0,2.45,22,109,11,6,148,0,Desaprovechado,17,1049.9859999999999,12123.6358,0,Alto Potencial Cultural y Desestacionalizable,0.6009549106635886,-0.23430010055129818,Alerta de Saturación: Contención y Desvío de Demanda
37,Salamanca,Castilla y León,M08,3.216018305238011,0.2625753629624615,45.21,60.02,58.37,327338.0,978147.0,1.67,10583.0,2,70.89666666666666,45.04,4138.0,14.05,65985.0,2.22,46,248,26,15,335,0,Desaprovechado,41,3556.611,5798.425700000001,0,Alto Potencial Cultural y Desestacionalizable,-0.0011183330226589665,0.2634786528601805,Desestacionalización y Gestión de Flujos
38,Santa Cruz de Tenerife,Canarias,M08,4.532485003423002,0.0603357617992283,73.12,81.2,75.1,1044405.0,3913275.0,6.01,102206.0,4,150.29083333333332,146.16,2373.0,32.02,17239.0,3.28,26,327,8,14,375,3,Destinos Maduros,22,1613.1653999999999,27472.972799999992,0,Alto Potencial Cultural y Desestacionalizable,0.3546511579439175,0.28759271077701454,Desestacionalización y Gestión de Flujos
39,Cantabria,Cantabria,M08,2.321055179835314,0.4818822153674549,43.97,76.14,54.05,584507.0,1222113.0,2.2,16544.0,1,88.915,109.29,7145.0,23.56,183041.0,2.49,69,323,13,25,430,2,Grandes Metrópolis,38,5461.638,9269.6032,0,Alto Potencial Cultural y Desestacionalizable,0.6759864946306062,0.6000140878563962,Desestacionalización y Gestión de Flujos
40,Segovia,Castilla y León,M08,3.595100967702049,0.249588091281822,43.11,58.79,56.78,153663.0,518074.0,1.79,6151.0,1,79.42333333333333,52.59,4083.0,17.27,87186.0,2.11,53,96,115,15,279,0,Desaprovechado,130,3377.8659000000002,3499.3039,0,Alto Potencial Cultural y Desestacionalizable,0.017718962237541047,0.2955275768666431,Desestacionalización y Gestión de Flujos
41,Sevilla,Andalucía,M10,2.024600431654972,0.0960235868763696,59.83,70.15,66.99,1947852.0,3304795.0,2.05,35963.0,1,121.87333333333332,142.67,2162.0,16.23,26121.0,2.77,204,977,64,39,1284,2,Grandes Metrópolis,103,1811.1074,14446.337100000002,0,Alto Potencial Cultural y Desestacionalizable,-0.34517563429666825,0.5196508111334521,Objetivo Prioritario: Inversión y Diversificación
42,Soria,Castilla y León,M08,2.8649193775564243,0.2898240466519886,34.11,49.0,43.78,88747.0,237664.0,1.85,3704.0,1,74.205,40.4,2842.0,17.8,54910.0,2.26,0,1,0,0,1,0,Desaprovechado,0,2336.124,2440.5656000000004,2,Potencial Ecoturístico y Rural de Interior,-0.28369510824880845,-1.2832821725247143,Turismo Pausado / Ecoturismo de Nicho
43,Tarragona,Cataluña/Catalunya,M08,4.03926990948658,0.6224724117109081,51.51,82.86,59.14,822309.0,2757689.0,3.48,44969.0,1,94.52833333333332,135.27,2292.0,18.24,39705.0,2.37,24,208,17,15,264,2,Grandes Metrópolis,32,1873.9392,21805.4681,0,Alto Potencial Cultural y Desestacionalizable,1.4832585086287,0.23796244554344456,Desestacionalización y Gestión de Flujos
44,Teruel,Aragón,M08,3.431862945482924,0.2473945486297583,34.92,47.14,45.6,134545.0,438123.0,1.99,7071.0,2,75.55666666666666,46.2,3033.0,17.07,50855.0,2.55,2,4,3,2,11,0,Desaprovechado,5,2515.2669,4601.8068,2,Potencial Ecoturístico y Rural de Interior,-0.30461643655368337,-0.7658598637750635,Turismo Pausado / Ecoturismo de Nicho
45,Toledo,Castilla-La Mancha,M10,1.3158937867474485,0.2222859851374357,41.53,51.89,52.24,709403.0,832707.0,1.69,9961.0,1,83.94,60.95,3335.0,17.51,72720.0,2.04,45,189,21,17,272,0,Desaprovechado,38,2751.0415,5824.1967,0,Alto Potencial Cultural y Desestacionalizable,-0.6676409712573291,0.10612159906655694,Objetivo Prioritario: Inversión y Diversificación
46,València/Valencia,Comunitat Valenciana,M08,1.4501821333234466,0.1771371939450677,59.32,76.19,67.35,2589312.0,3089514.0,2.43,39576.0,2,102.94083333333332,101.31,2276.0,16.31,35160.0,2.47,126,1481,34,44,1685,2,Grandes Metrópolis,78,1904.7844,16099.516800000001,0,Alto Potencial Cultural y Desestacionalizable,-0.14185478122453635,0.5612887450633892,Objetivo Prioritario: Inversión y Diversificación
47,Valladolid,Castilla y León,M08,1.386266970373209,0.1491376960107247,45.59,51.88,55.99,519361.0,624119.0,1.74,7451.0,1,82.40583333333333,60.62,1741.0,16.36,38270.0,1.92,39,398,36,15,488,0,Desaprovechado,51,1456.1724000000002,4054.0891,0,Alto Potencial Cultural y Desestacionalizable,-0.8082176228799951,0.049936904181438924,Turismo Pausado / Ecoturismo de Nicho
48,Bizkaia,País Vasco/Euskadi,M08,1.5563164560690406,0.2324533520562717,57.04,79.25,66.28,1154334.0,1567161.0,1.96,16203.0,1,108.8375,116.54,1156.0,26.35,23564.0,2.52,81,671,22,23,797,2,Grandes Metrópolis,45,851.3939999999999,6960.8088,0,Alto Potencial Cultural y Desestacionalizable,0.07117139509491248,0.060450666567586964,Alerta de Saturación: Contención y Desvío de Demanda
49,Zamora,Castilla y León,M08,1.2839176174248037,0.2878872802209109,32.61,51.27,40.4,168725.0,197822.0,1.65,2993.0,1,71.42,41.71,2288.0,14.62,40236.0,2.08,0,0,0,1,1,0,Desaprovechado,1,1953.4944,2016.9826999999998,2,Potencial Ecoturístico y Rural de Interior,-0.5506753338687295,-1.299492887936307,Turismo Pausado / Ecoturismo de Nicho
50,Zaragoza,Aragón,M08,1.6479618627074004,0.1570965176699248,49.56,55.64,59.67,967452.0,1408789.0,1.74,15327.0,1,77.81166666666667,60.11,1608.0,17.43,25222.0,2.48,60,833,10,52,955,0,Desaprovechado,62,1327.7256,7730.938799999999,0,Alto Potencial Cultural y Desestacionalizable,-0.6467782978824821,0.22523252771425376,Objetivo Prioritario: Inversión y Diversificación
51,Ceuta,Ciudad Autónoma de Ceuta,Sin datos,0.75246955709616,0.2613471972374798,49.56,74.03,53.33,83517.0,0.0,0.0,727.0,0,79.8575,53.77,0.0,0.0,0.0,0.0,8,43,3,5,59,0,Desaprovechado,8,0.0,366.69879999999995,3,Capacidad Territorial Reducida,-0.15730345718335179,-0.8238360529424069,Turismo Pausado / Ecoturismo de Nicho
52,Melilla,Ciudad Autónoma de Melilla,Sin datos,0.8005123984187524,0.1746082268281807,45.41,62.64,55.97,86261.0,0.0,0.0,819.0,0,83.765,69.68,0.0,0.0,0.0,0.0,8,26,17,11,62,0,Desaprovechado,28,0.0,447.0921,3,Capacidad Territorial Reducida,-0.6093108932797556,-0.6631140056448366,Turismo Pausado / Ecoturismo de Nicho
