COD_PROV,PROVINCIA,Anyo,Periodo,pernoctaciones,viajeros,_meta.fecha_extraccion
01,Araba/Álava,2025,M01,1956.0,904.0,2026-09-14T13:39:22.163107
01,Araba/Álava,2025,M02,1716.0,949.0,2026-09-14T13:39:22.163107
01,Araba/Álava,2025,M03,3389.0,1814.0,2026-09-14T13:39:22.163107
01,Araba/Álava,2025,M04,6275.0,2359.0,2026-09-14T13:39:22.163107
01,Araba/Álava,2025,M05,6870.0,3214.0,2026-09-14T13:39:22.163107
01,Araba/Álava,2025,M06,5812.0,2724.0,2026-09-14T13:39:22.163107
01,Araba/Álava,2025,M07,8015.0,2770.0,2026-09-14T13:39:22.163107
01,Araba/Álava,2025,M08,13356.0,3031.0,2026-09-14T13:39:22.163107
01,Araba/Álava,2025,M09,5843.0,2580.0,2026-09-14T13:39:22.163107
01,Araba/Álava,2025,M10,6551.0,3197.0,2026-09-14T13:39:22.163107
01,Araba/Álava,2025,M11,5050.0,2379.0,2026-09-14T13:39:22.163107
01,Araba/Álava,2025,M12,6714.0,2721.0,2026-09-14T13:39:22.163107
01,Araba/Álava,2026,M01,2765.0,1495.0,2026-09-14T13:39:22.163107
01,Araba/Álava,2026,M02,2202.0,1092.0,2026-09-14T13:39:22.163107
01,Araba/Álava,2026,M03,3506.0,1667.0,2026-09-14T13:39:22.163107
01,Araba/Álava,2026,M04,7194.0,3080.0,2026-09-14T13:39:22.163107
01,Araba/Álava,2026,M05,6636.0,3149.0,2026-09-14T13:39:22.163107
01,Araba/Álava,2026,M06,5729.0,2791.0,2026-09-14T13:39:22.163107
01,Araba/Álava,2026,M07,7611.0,3090.0,2026-09-14T13:39:22.163107
02,Albacete,2025,M01,8808.0,3551.0,2026-09-14T13:39:22.163107
02,Albacete,2025,M02,13127.0,5689.0,2026-09-14T13:39:22.163107
02,Albacete,2025,M03,14423.0,6402.0,2026-09-14T13:39:22.163107
02,Albacete,2025,M04,27537.0,11271.0,2026-09-14T13:39:22.163107
02,Albacete,2025,M05,22559.0,9791.0,2026-09-14T13:39:22.163107
02,Albacete,2025,M06,23675.0,10389.0,2026-09-14T13:39:22.163107
02,Albacete,2025,M07,34195.0,12311.0,2026-09-14T13:39:22.163107
02,Albacete,2025,M08,58902.0,18606.0,2026-09-14T13:39:22.163107
02,Albacete,2025,M09,25615.0,10998.0,2026-09-14T13:39:22.163107
02,Albacete,2025,M10,25176.0,11233.0,2026-09-14T13:39:22.163107
02,Albacete,2025,M11,21828.0,10046.0,2026-09-14T13:39:22.163107
02,Albacete,2025,M12,30569.0,11732.0,2026-09-14T13:39:22.163107
02,Albacete,2026,M01,16400.0,5289.0,2026-09-14T13:39:22.163107
02,Albacete,2026,M02,15925.0,5363.0,2026-09-14T13:39:22.163107
02,Albacete,2026,M03,20998.0,8434.0,2026-09-14T13:39:22.163107
02,Albacete,2026,M04,29215.0,10789.0,2026-09-14T13:39:22.163107
02,Albacete,2026,M05,24076.0,9220.0,2026-09-14T13:39:22.163107
02,Albacete,2026,M06,26440.0,10370.0,2026-09-14T13:39:22.163107
02,Albacete,2026,M07,42209.0,15659.0,2026-09-14T13:39:22.163107
03,Alicante/Alacant,2025,M01,2540.0,1577.0,2026-09-14T13:39:22.163107
03,Alicante/Alacant,2025,M02,3460.0,1945.0,2026-09-14T13:39:22.163107
03,Alicante/Alacant,2025,M03,3757.0,1848.0,2026-09-14T13:39:22.163107
03,Alicante/Alacant,2025,M04,6001.0,2381.0,2026-09-14T13:39:22.163107
03,Alicante/Alacant,2025,M05,5016.0,2337.0,2026-09-14T13:39:22.163107
03,Alicante/Alacant,2025,M06,6151.0,2914.0,2026-09-14T13:39:22.163107
03,Alicante/Alacant,2025,M07,11246.0,3804.0,2026-09-14T13:39:22.163107
03,Alicante/Alacant,2025,M08,15633.0,4981.0,2026-09-14T13:39:22.163107
03,Alicante/Alacant,2025,M09,5624.0,2183.0,2026-09-14T13:39:22.163107
03,Alicante/Alacant,2025,M10,4898.0,2360.0,2026-09-14T13:39:22.163107
03,Alicante/Alacant,2025,M11,5117.0,2405.0,2026-09-14T13:39:22.163107
03,Alicante/Alacant,2025,M12,6737.0,2652.0,2026-09-14T13:39:22.163107
03,Alicante/Alacant,2026,M01,3172.0,1523.0,2026-09-14T13:39:22.163107
03,Alicante/Alacant,2026,M02,3239.0,1797.0,2026-09-14T13:39:22.163107
03,Alicante/Alacant,2026,M03,3893.0,2152.0,2026-09-14T13:39:22.163107
03,Alicante/Alacant,2026,M04,6726.0,2968.0,2026-09-14T13:39:22.163107
03,Alicante/Alacant,2026,M05,5483.0,2535.0,2026-09-14T13:39:22.163107
03,Alicante/Alacant,2026,M06,5690.0,2795.0,2026-09-14T13:39:22.163107
03,Alicante/Alacant,2026,M07,8236.0,3773.0,2026-09-14T13:39:22.163107
04,Almería,2025,M01,1002.0,472.0,2026-09-14T13:39:22.163107
04,Almería,2025,M02,1935.0,1179.0,2026-09-14T13:39:22.163107
04,Almería,2025,M03,1866.0,906.0,2026-09-14T13:39:22.163107
04,Almería,2025,M04,2919.0,1271.0,2026-09-14T13:39:22.163107
04,Almería,2025,M05,1930.0,1001.0,2026-09-14T13:39:22.163107
04,Almería,2025,M06,4857.0,2091.0,2026-09-14T13:39:22.163107
04,Almería,2025,M07,7840.0,3043.0,2026-09-14T13:39:22.163107
04,Almería,2025,M08,12756.0,3778.0,2026-09-14T13:39:22.163107
04,Almería,2025,M09,4037.0,1576.0,2026-09-14T13:39:22.163107
04,Almería,2025,M10,2949.0,1209.0,2026-09-14T13:39:22.163107
04,Almería,2025,M11,2622.0,1500.0,2026-09-14T13:39:22.163107
04,Almería,2025,M12,3763.0,1877.0,2026-09-14T13:39:22.163107
04,Almería,2026,M01,2058.0,1021.0,2026-09-14T13:39:22.163107
04,Almería,2026,M02,2286.0,1269.0,2026-09-14T13:39:22.163107
04,Almería,2026,M03,3156.0,1451.0,2026-09-14T13:39:22.163107
04,Almería,2026,M04,3799.0,1703.0,2026-09-14T13:39:22.163107
04,Almería,2026,M05,3718.0,1737.0,2026-09-14T13:39:22.163107
04,Almería,2026,M06,4245.0,1736.0,2026-09-14T13:39:22.163107
04,Almería,2026,M07,7503.0,3213.0,2026-09-14T13:39:22.163107
05,Ávila,2025,M01,14626.0,6564.0,2026-09-14T13:39:22.163107
05,Ávila,2025,M02,15095.0,7649.0,2026-09-14T13:39:22.163107
05,Ávila,2025,M03,20526.0,9460.0,2026-09-14T13:39:22.163107
05,Ávila,2025,M04,29657.0,10650.0,2026-09-14T13:39:22.163107
05,Ávila,2025,M05,27083.0,12562.0,2026-09-14T13:39:22.163107
05,Ávila,2025,M06,28182.0,13332.0,2026-09-14T13:39:22.163107
05,Ávila,2025,M07,40592.0,14858.0,2026-09-14T13:39:22.163107
05,Ávila,2025,M08,58933.0,16329.0,2026-09-14T13:39:22.163107
05,Ávila,2025,M09,25363.0,11763.0,2026-09-14T13:39:22.163107
05,Ávila,2025,M10,21913.0,11265.0,2026-09-14T13:39:22.163107
05,Ávila,2025,M11,20213.0,10053.0,2026-09-14T13:39:22.163107
05,Ávila,2025,M12,28965.0,12056.0,2026-09-14T13:39:22.163107
05,Ávila,2026,M01,12626.0,5726.0,2026-09-14T13:39:22.163107
05,Ávila,2026,M02,13821.0,6826.0,2026-09-14T13:39:22.163107
05,Ávila,2026,M03,16570.0,8404.0,2026-09-14T13:39:22.163107
05,Ávila,2026,M04,23096.0,10597.0,2026-09-14T13:39:22.163107
05,Ávila,2026,M05,23494.0,11679.0,2026-09-14T13:39:22.163107
05,Ávila,2026,M06,20975.0,10212.0,2026-09-14T13:39:22.163107
05,Ávila,2026,M07,29754.0,12712.0,2026-09-14T13:39:22.163107
06,Badajoz,2025,M01,4889.0,2544.0,2026-09-14T13:39:22.163107
06,Badajoz,2025,M02,7517.0,4428.0,2026-09-14T13:39:22.163107
06,Badajoz,2025,M03,7774.0,4674.0,2026-09-14T13:39:22.163107
06,Badajoz,2025,M04,12715.0,6042.0,2026-09-14T13:39:22.163107
06,Badajoz,2025,M05,10492.0,5566.0,2026-09-14T13:39:22.163107
06,Badajoz,2025,M06,9710.0,5459.0,2026-09-14T13:39:22.163107
06,Badajoz,2025,M07,13017.0,6487.0,2026-09-14T13:39:22.163107
06,Badajoz,2025,M08,19503.0,8601.0,2026-09-14T13:39:22.163107
06,Badajoz,2025,M09,10104.0,5293.0,2026-09-14T13:39:22.163107
06,Badajoz,2025,M10,10321.0,5505.0,2026-09-14T13:39:22.163107
06,Badajoz,2025,M11,8343.0,4560.0,2026-09-14T13:39:22.163107
06,Badajoz,2025,M12,13080.0,5625.0,2026-09-14T13:39:22.163107
06,Badajoz,2026,M01,7240.0,3289.0,2026-09-14T13:39:22.163107
06,Badajoz,2026,M02,7337.0,3179.0,2026-09-14T13:39:22.163107
06,Badajoz,2026,M03,8449.0,4298.0,2026-09-14T13:39:22.163107
06,Badajoz,2026,M04,11904.0,5764.0,2026-09-14T13:39:22.163107
06,Badajoz,2026,M05,10052.0,5148.0,2026-09-14T13:39:22.163107
06,Badajoz,2026,M06,10421.0,5161.0,2026-09-14T13:39:22.163107
06,Badajoz,2026,M07,12494.0,6225.0,2026-09-14T13:39:22.163107
07,"Balears, Illes",2025,M01,5771.0,2363.0,2026-09-14T13:39:22.163107
07,"Balears, Illes",2025,M02,7522.0,3565.0,2026-09-14T13:39:22.163107
07,"Balears, Illes",2025,M03,11783.0,5567.0,2026-09-14T13:39:22.163107
07,"Balears, Illes",2025,M04,13844.0,6286.0,2026-09-14T13:39:22.163107
07,"Balears, Illes",2025,M05,17225.0,7435.0,2026-09-14T13:39:22.163107
07,"Balears, Illes",2025,M06,29669.0,11479.0,2026-09-14T13:39:22.163107
07,"Balears, Illes",2025,M07,29254.0,10799.0,2026-09-14T13:39:22.163107
07,"Balears, Illes",2025,M08,35699.0,11637.0,2026-09-14T13:39:22.163107
07,"Balears, Illes",2025,M09,27253.0,10362.0,2026-09-14T13:39:22.163107
07,"Balears, Illes",2025,M10,15532.0,7321.0,2026-09-14T13:39:22.163107
07,"Balears, Illes",2025,M11,10698.0,5138.0,2026-09-14T13:39:22.163107
07,"Balears, Illes",2025,M12,8805.0,4288.0,2026-09-14T13:39:22.163107
07,"Balears, Illes",2026,M01,4326.0,2158.0,2026-09-14T13:39:22.163107
07,"Balears, Illes",2026,M02,5330.0,2974.0,2026-09-14T13:39:22.163107
07,"Balears, Illes",2026,M03,10650.0,5635.0,2026-09-14T13:39:22.163107
07,"Balears, Illes",2026,M04,15037.0,7412.0,2026-09-14T13:39:22.163107
07,"Balears, Illes",2026,M05,20775.0,8883.0,2026-09-14T13:39:22.163107
07,"Balears, Illes",2026,M06,30614.0,11411.0,2026-09-14T13:39:22.163107
07,"Balears, Illes",2026,M07,35735.0,11982.0,2026-09-14T13:39:22.163107
08,Barcelona,2025,M01,11464.0,6211.0,2026-09-14T13:39:22.163107
08,Barcelona,2025,M02,13363.0,6652.0,2026-09-14T13:39:22.163107
08,Barcelona,2025,M03,20929.0,10403.0,2026-09-14T13:39:22.163107
08,Barcelona,2025,M04,26799.0,10435.0,2026-09-14T13:39:22.163107
08,Barcelona,2025,M05,30308.0,13067.0,2026-09-14T13:39:22.163107
08,Barcelona,2025,M06,31935.0,13422.0,2026-09-14T13:39:22.163107
08,Barcelona,2025,M07,32353.0,11119.0,2026-09-14T13:39:22.163107
08,Barcelona,2025,M08,34836.0,9496.0,2026-09-14T13:39:22.163107
08,Barcelona,2025,M09,29894.0,13293.0,2026-09-14T13:39:22.163107
08,Barcelona,2025,M10,26886.0,13185.0,2026-09-14T13:39:22.163107
08,Barcelona,2025,M11,24611.0,11620.0,2026-09-14T13:39:22.163107
08,Barcelona,2025,M12,31706.0,12467.0,2026-09-14T13:39:22.163107
08,Barcelona,2026,M01,19523.0,8441.0,2026-09-14T13:39:22.163107
08,Barcelona,2026,M02,18072.0,8500.0,2026-09-14T13:39:22.163107
08,Barcelona,2026,M03,22316.0,10444.0,2026-09-14T13:39:22.163107
08,Barcelona,2026,M04,27365.0,10680.0,2026-09-14T13:39:22.163107
08,Barcelona,2026,M05,31222.0,14315.0,2026-09-14T13:39:22.163107
08,Barcelona,2026,M06,31696.0,15683.0,2026-09-14T13:39:22.163107
08,Barcelona,2026,M07,49952.0,15581.0,2026-09-14T13:39:22.163107
09,Burgos,2025,M01,7052.0,2650.0,2026-09-14T13:39:22.163107
09,Burgos,2025,M02,9204.0,4278.0,2026-09-14T13:39:22.163107
09,Burgos,2025,M03,16220.0,7264.0,2026-09-14T13:39:22.163107
09,Burgos,2025,M04,24529.0,10213.0,2026-09-14T13:39:22.163107
09,Burgos,2025,M05,26914.0,13783.0,2026-09-14T13:39:22.163107
09,Burgos,2025,M06,19194.0,9161.0,2026-09-14T13:39:22.163107
09,Burgos,2025,M07,28760.0,11537.0,2026-09-14T13:39:22.163107
09,Burgos,2025,M08,45985.0,14360.0,2026-09-14T13:39:22.163107
09,Burgos,2025,M09,23221.0,10065.0,2026-09-14T13:39:22.163107
09,Burgos,2025,M10,23035.0,11363.0,2026-09-14T13:39:22.163107
09,Burgos,2025,M11,20985.0,9202.0,2026-09-14T13:39:22.163107
09,Burgos,2025,M12,22958.0,9242.0,2026-09-14T13:39:22.163107
09,Burgos,2026,M01,7599.0,3394.0,2026-09-14T13:39:22.163107
09,Burgos,2026,M02,10987.0,5392.0,2026-09-14T13:39:22.163107
09,Burgos,2026,M03,12396.0,6274.0,2026-09-14T13:39:22.163107
09,Burgos,2026,M04,25804.0,11085.0,2026-09-14T13:39:22.163107
09,Burgos,2026,M05,26580.0,11933.0,2026-09-14T13:39:22.163107
09,Burgos,2026,M06,17443.0,8857.0,2026-09-14T13:39:22.163107
09,Burgos,2026,M07,30783.0,12474.0,2026-09-14T13:39:22.163107
10,Cáceres,2025,M01,11831.0,6448.0,2026-09-14T13:39:22.163107
10,Cáceres,2025,M02,20660.0,11472.0,2026-09-14T13:39:22.163107
10,Cáceres,2025,M03,27177.0,13463.0,2026-09-14T13:39:22.163107
10,Cáceres,2025,M04,48234.0,19972.0,2026-09-14T13:39:22.163107
10,Cáceres,2025,M05,32569.0,14459.0,2026-09-14T13:39:22.163107
10,Cáceres,2025,M06,34449.0,15275.0,2026-09-14T13:39:22.163107
10,Cáceres,2025,M07,55711.0,23106.0,2026-09-14T13:39:22.163107
10,Cáceres,2025,M08,69309.0,22818.0,2026-09-14T13:39:22.163107
10,Cáceres,2025,M09,30213.0,12810.0,2026-09-14T13:39:22.163107
10,Cáceres,2025,M10,25043.0,12754.0,2026-09-14T13:39:22.163107
10,Cáceres,2025,M11,23198.0,11085.0,2026-09-14T13:39:22.163107
10,Cáceres,2025,M12,27287.0,11943.0,2026-09-14T13:39:22.163107
10,Cáceres,2026,M01,15313.0,7777.0,2026-09-14T13:39:22.163107
10,Cáceres,2026,M02,16232.0,8663.0,2026-09-14T13:39:22.163107
10,Cáceres,2026,M03,29019.0,14635.0,2026-09-14T13:39:22.163107
10,Cáceres,2026,M04,38447.0,17182.0,2026-09-14T13:39:22.163107
10,Cáceres,2026,M05,33199.0,15770.0,2026-09-14T13:39:22.163107
10,Cáceres,2026,M06,32899.0,15279.0,2026-09-14T13:39:22.163107
10,Cáceres,2026,M07,51364.0,20800.0,2026-09-14T13:39:22.163107
11,Cádiz,2025,M01,2558.0,1488.0,2026-09-14T13:39:22.163107
11,Cádiz,2025,M02,2796.0,1721.0,2026-09-14T13:39:22.163107
11,Cádiz,2025,M03,2766.0,1496.0,2026-09-14T13:39:22.163107
11,Cádiz,2025,M04,5075.0,2311.0,2026-09-14T13:39:22.163107
11,Cádiz,2025,M05,5372.0,2643.0,2026-09-14T13:39:22.163107
11,Cádiz,2025,M06,5527.0,2561.0,2026-09-14T13:39:22.163107
11,Cádiz,2025,M07,8335.0,2940.0,2026-09-14T13:39:22.163107
11,Cádiz,2025,M08,12677.0,4117.0,2026-09-14T13:39:22.163107
11,Cádiz,2025,M09,3945.0,2049.0,2026-09-14T13:39:22.163107
11,Cádiz,2025,M10,4090.0,1941.0,2026-09-14T13:39:22.163107
11,Cádiz,2025,M11,3961.0,1780.0,2026-09-14T13:39:22.163107
11,Cádiz,2025,M12,4150.0,1816.0,2026-09-14T13:39:22.163107
11,Cádiz,2026,M01,2737.0,1079.0,2026-09-14T13:39:22.163107
11,Cádiz,2026,M02,2716.0,1300.0,2026-09-14T13:39:22.163107
11,Cádiz,2026,M03,3825.0,1850.0,2026-09-14T13:39:22.163107
11,Cádiz,2026,M04,5235.0,2621.0,2026-09-14T13:39:22.163107
11,Cádiz,2026,M05,5311.0,1986.0,2026-09-14T13:39:22.163107
11,Cádiz,2026,M06,7042.0,2519.0,2026-09-14T13:39:22.163107
11,Cádiz,2026,M07,8855.0,2469.0,2026-09-14T13:39:22.163107
12,Castellón/Castelló,2025,M01,7992.0,2549.0,2026-09-14T13:39:22.163107
12,Castellón/Castelló,2025,M02,9215.0,3453.0,2026-09-14T13:39:22.163107
12,Castellón/Castelló,2025,M03,8156.0,2608.0,2026-09-14T13:39:22.163107
12,Castellón/Castelló,2025,M04,10800.0,4058.0,2026-09-14T13:39:22.163107
12,Castellón/Castelló,2025,M05,9024.0,3091.0,2026-09-14T13:39:22.163107
12,Castellón/Castelló,2025,M06,8141.0,3184.0,2026-09-14T13:39:22.163107
12,Castellón/Castelló,2025,M07,11957.0,3627.0,2026-09-14T13:39:22.163107
12,Castellón/Castelló,2025,M08,17855.0,4241.0,2026-09-14T13:39:22.163107
12,Castellón/Castelló,2025,M09,7984.0,3480.0,2026-09-14T13:39:22.163107
12,Castellón/Castelló,2025,M10,10642.0,3935.0,2026-09-14T13:39:22.163107
12,Castellón/Castelló,2025,M11,8245.0,3712.0,2026-09-14T13:39:22.163107
12,Castellón/Castelló,2025,M12,13132.0,5176.0,2026-09-14T13:39:22.163107
12,Castellón/Castelló,2026,M01,8795.0,3223.0,2026-09-14T13:39:22.163107
12,Castellón/Castelló,2026,M02,7442.0,3261.0,2026-09-14T13:39:22.163107
12,Castellón/Castelló,2026,M03,6166.0,2338.0,2026-09-14T13:39:22.163107
12,Castellón/Castelló,2026,M04,9927.0,3844.0,2026-09-14T13:39:22.163107
12,Castellón/Castelló,2026,M05,10707.0,4011.0,2026-09-14T13:39:22.163107
12,Castellón/Castelló,2026,M06,7459.0,2936.0,2026-09-14T13:39:22.163107
12,Castellón/Castelló,2026,M07,12952.0,3708.0,2026-09-14T13:39:22.163107
13,Ciudad Real,2025,M01,3689.0,1860.0,2026-09-14T13:39:22.163107
13,Ciudad Real,2025,M02,6881.0,3549.0,2026-09-14T13:39:22.163107
13,Ciudad Real,2025,M03,8929.0,4993.0,2026-09-14T13:39:22.163107
13,Ciudad Real,2025,M04,11374.0,5722.0,2026-09-14T13:39:22.163107
13,Ciudad Real,2025,M05,10196.0,5424.0,2026-09-14T13:39:22.163107
13,Ciudad Real,2025,M06,9808.0,5558.0,2026-09-14T13:39:22.163107
13,Ciudad Real,2025,M07,12525.0,6445.0,2026-09-14T13:39:22.163107
13,Ciudad Real,2025,M08,15589.0,7439.0,2026-09-14T13:39:22.163107
13,Ciudad Real,2025,M09,11438.0,6000.0,2026-09-14T13:39:22.163107
13,Ciudad Real,2025,M10,10603.0,5743.0,2026-09-14T13:39:22.163107
13,Ciudad Real,2025,M11,9781.0,4441.0,2026-09-14T13:39:22.163107
13,Ciudad Real,2025,M12,10953.0,5301.0,2026-09-14T13:39:22.163107
13,Ciudad Real,2026,M01,3966.0,2029.0,2026-09-14T13:39:22.163107
13,Ciudad Real,2026,M02,4165.0,2217.0,2026-09-14T13:39:22.163107
13,Ciudad Real,2026,M03,5199.0,2971.0,2026-09-14T13:39:22.163107
13,Ciudad Real,2026,M04,7967.0,4151.0,2026-09-14T13:39:22.163107
13,Ciudad Real,2026,M05,8589.0,4459.0,2026-09-14T13:39:22.163107
13,Ciudad Real,2026,M06,7288.0,3851.0,2026-09-14T13:39:22.163107
13,Ciudad Real,2026,M07,9077.0,4627.0,2026-09-14T13:39:22.163107
14,Córdoba,2025,M01,2593.0,1165.0,2026-09-14T13:39:22.163107
14,Córdoba,2025,M02,4283.0,2334.0,2026-09-14T13:39:22.163107
14,Córdoba,2025,M03,4028.0,2127.0,2026-09-14T13:39:22.163107
14,Córdoba,2025,M04,7372.0,3037.0,2026-09-14T13:39:22.163107
14,Córdoba,2025,M05,5882.0,2541.0,2026-09-14T13:39:22.163107
14,Córdoba,2025,M06,2862.0,1489.0,2026-09-14T13:39:22.163107
14,Córdoba,2025,M07,7599.0,2794.0,2026-09-14T13:39:22.163107
14,Córdoba,2025,M08,10900.0,3270.0,2026-09-14T13:39:22.163107
14,Córdoba,2025,M09,4592.0,2021.0,2026-09-14T13:39:22.163107
14,Córdoba,2025,M10,3854.0,2098.0,2026-09-14T13:39:22.163107
14,Córdoba,2025,M11,5720.0,2599.0,2026-09-14T13:39:22.163107
14,Córdoba,2025,M12,9355.0,3877.0,2026-09-14T13:39:22.163107
14,Córdoba,2026,M01,2800.0,940.0,2026-09-14T13:39:22.163107
14,Córdoba,2026,M02,4519.0,1806.0,2026-09-14T13:39:22.163107
14,Córdoba,2026,M03,5384.0,2094.0,2026-09-14T13:39:22.163107
14,Córdoba,2026,M04,6324.0,1974.0,2026-09-14T13:39:22.163107
14,Córdoba,2026,M05,5554.0,2385.0,2026-09-14T13:39:22.163107
14,Córdoba,2026,M06,5963.0,2604.0,2026-09-14T13:39:22.163107
14,Córdoba,2026,M07,5476.0,2008.0,2026-09-14T13:39:22.163107
15,A Coruña,2025,M01,1014.0,555.0,2026-09-14T13:39:22.163107
15,A Coruña,2025,M02,1210.0,839.0,2026-09-14T13:39:22.163107
15,A Coruña,2025,M03,1671.0,1205.0,2026-09-14T13:39:22.163107
15,A Coruña,2025,M04,5086.0,3610.0,2026-09-14T13:39:22.163107
15,A Coruña,2025,M05,6752.0,4793.0,2026-09-14T13:39:22.163107
15,A Coruña,2025,M06,7123.0,4500.0,2026-09-14T13:39:22.163107
15,A Coruña,2025,M07,14389.0,6369.0,2026-09-14T13:39:22.163107
15,A Coruña,2025,M08,22690.0,9290.0,2026-09-14T13:39:22.163107
15,A Coruña,2025,M09,9508.0,5437.0,2026-09-14T13:39:22.163107
15,A Coruña,2025,M10,5521.0,3282.0,2026-09-14T13:39:22.163107
15,A Coruña,2025,M11,2833.0,2076.0,2026-09-14T13:39:22.163107
15,A Coruña,2025,M12,2478.0,1485.0,2026-09-14T13:39:22.163107
15,A Coruña,2026,M01,1017.0,727.0,2026-09-14T13:39:22.163107
15,A Coruña,2026,M02,1063.0,709.0,2026-09-14T13:39:22.163107
15,A Coruña,2026,M03,1762.0,1176.0,2026-09-14T13:39:22.163107
15,A Coruña,2026,M04,3620.0,2474.0,2026-09-14T13:39:22.163107
15,A Coruña,2026,M05,4274.0,3072.0,2026-09-14T13:39:22.163107
15,A Coruña,2026,M06,7311.0,4507.0,2026-09-14T13:39:22.163107
15,A Coruña,2026,M07,16522.0,6788.0,2026-09-14T13:39:22.163107
16,Cuenca,2025,M01,7338.0,3704.0,2026-09-14T13:39:22.163107
16,Cuenca,2025,M02,10143.0,5461.0,2026-09-14T13:39:22.163107
16,Cuenca,2025,M03,9974.0,5388.0,2026-09-14T13:39:22.163107
16,Cuenca,2025,M04,17828.0,7920.0,2026-09-14T13:39:22.163107
16,Cuenca,2025,M05,15454.0,7544.0,2026-09-14T13:39:22.163107
16,Cuenca,2025,M06,14757.0,7204.0,2026-09-14T13:39:22.163107
16,Cuenca,2025,M07,21667.0,7568.0,2026-09-14T13:39:22.163107
16,Cuenca,2025,M08,33542.0,12003.0,2026-09-14T13:39:22.163107
16,Cuenca,2025,M09,17033.0,8181.0,2026-09-14T13:39:22.163107
16,Cuenca,2025,M10,16395.0,8328.0,2026-09-14T13:39:22.163107
16,Cuenca,2025,M11,12618.0,6813.0,2026-09-14T13:39:22.163107
16,Cuenca,2025,M12,17858.0,8105.0,2026-09-14T13:39:22.163107
16,Cuenca,2026,M01,6368.0,2785.0,2026-09-14T13:39:22.163107
16,Cuenca,2026,M02,8566.0,4076.0,2026-09-14T13:39:22.163107
16,Cuenca,2026,M03,11681.0,5239.0,2026-09-14T13:39:22.163107
16,Cuenca,2026,M04,17091.0,6709.0,2026-09-14T13:39:22.163107
16,Cuenca,2026,M05,14786.0,6677.0,2026-09-14T13:39:22.163107
16,Cuenca,2026,M06,17340.0,7382.0,2026-09-14T13:39:22.163107
16,Cuenca,2026,M07,22335.0,8343.0,2026-09-14T13:39:22.163107
17,Girona,2025,M01,18621.0,9998.0,2026-09-14T13:39:22.163107
17,Girona,2025,M02,18228.0,9526.0,2026-09-14T13:39:22.163107
17,Girona,2025,M03,23339.0,11382.0,2026-09-14T13:39:22.163107
17,Girona,2025,M04,30835.0,13278.0,2026-09-14T13:39:22.163107
17,Girona,2025,M05,30478.0,14597.0,2026-09-14T13:39:22.163107
17,Girona,2025,M06,40144.0,15924.0,2026-09-14T13:39:22.163107
17,Girona,2025,M07,47673.0,15201.0,2026-09-14T13:39:22.163107
17,Girona,2025,M08,78532.0,16905.0,2026-09-14T13:39:22.163107
17,Girona,2025,M09,32182.0,13503.0,2026-09-14T13:39:22.163107
17,Girona,2025,M10,28450.0,14596.0,2026-09-14T13:39:22.163107
17,Girona,2025,M11,26272.0,13368.0,2026-09-14T13:39:22.163107
17,Girona,2025,M12,36819.0,13851.0,2026-09-14T13:39:22.163107
17,Girona,2026,M01,18612.0,8567.0,2026-09-14T13:39:22.163107
17,Girona,2026,M02,18631.0,9323.0,2026-09-14T13:39:22.163107
17,Girona,2026,M03,20221.0,10068.0,2026-09-14T13:39:22.163107
17,Girona,2026,M04,34065.0,15922.0,2026-09-14T13:39:22.163107
17,Girona,2026,M05,31841.0,14987.0,2026-09-14T13:39:22.163107
17,Girona,2026,M06,40267.0,17915.0,2026-09-14T13:39:22.163107
17,Girona,2026,M07,46697.0,16680.0,2026-09-14T13:39:22.163107
18,Granada,2025,M01,4215.0,2156.0,2026-09-14T13:39:22.163107
18,Granada,2025,M02,7042.0,3680.0,2026-09-14T13:39:22.163107
18,Granada,2025,M03,4518.0,2374.0,2026-09-14T13:39:22.163107
18,Granada,2025,M04,8012.0,3598.0,2026-09-14T13:39:22.163107
18,Granada,2025,M05,5425.0,2683.0,2026-09-14T13:39:22.163107
18,Granada,2025,M06,5747.0,2740.0,2026-09-14T13:39:22.163107
18,Granada,2025,M07,8931.0,3181.0,2026-09-14T13:39:22.163107
18,Granada,2025,M08,16547.0,4528.0,2026-09-14T13:39:22.163107
18,Granada,2025,M09,7154.0,2911.0,2026-09-14T13:39:22.163107
18,Granada,2025,M10,6104.0,2837.0,2026-09-14T13:39:22.163107
18,Granada,2025,M11,5167.0,2669.0,2026-09-14T13:39:22.163107
18,Granada,2025,M12,9470.0,3729.0,2026-09-14T13:39:22.163107
18,Granada,2026,M01,4676.0,2187.0,2026-09-14T13:39:22.163107
18,Granada,2026,M02,4920.0,2358.0,2026-09-14T13:39:22.163107
18,Granada,2026,M03,3530.0,1833.0,2026-09-14T13:39:22.163107
18,Granada,2026,M04,7203.0,2798.0,2026-09-14T13:39:22.163107
18,Granada,2026,M05,5136.0,2361.0,2026-09-14T13:39:22.163107
18,Granada,2026,M06,6319.0,3316.0,2026-09-14T13:39:22.163107
18,Granada,2026,M07,9554.0,3617.0,2026-09-14T13:39:22.163107
19,Guadalajara,2025,M01,7093.0,3123.0,2026-09-14T13:39:22.163107
19,Guadalajara,2025,M02,11924.0,6465.0,2026-09-14T13:39:22.163107
19,Guadalajara,2025,M03,14448.0,6453.0,2026-09-14T13:39:22.163107
19,Guadalajara,2025,M04,22121.0,8959.0,2026-09-14T13:39:22.163107
19,Guadalajara,2025,M05,18451.0,9072.0,2026-09-14T13:39:22.163107
19,Guadalajara,2025,M06,16167.0,7964.0,2026-09-14T13:39:22.163107
19,Guadalajara,2025,M07,21313.0,9653.0,2026-09-14T13:39:22.163107
19,Guadalajara,2025,M08,22582.0,8857.0,2026-09-14T13:39:22.163107
19,Guadalajara,2025,M09,15937.0,7990.0,2026-09-14T13:39:22.163107
19,Guadalajara,2025,M10,17808.0,9481.0,2026-09-14T13:39:22.163107
19,Guadalajara,2025,M11,15105.0,7435.0,2026-09-14T13:39:22.163107
19,Guadalajara,2025,M12,17776.0,8676.0,2026-09-14T13:39:22.163107
19,Guadalajara,2026,M01,5386.0,2789.0,2026-09-14T13:39:22.163107
19,Guadalajara,2026,M02,7847.0,4467.0,2026-09-14T13:39:22.163107
19,Guadalajara,2026,M03,13215.0,5200.0,2026-09-14T13:39:22.163107
19,Guadalajara,2026,M04,17453.0,6921.0,2026-09-14T13:39:22.163107
19,Guadalajara,2026,M05,14411.0,7650.0,2026-09-14T13:39:22.163107
19,Guadalajara,2026,M06,18380.0,8329.0,2026-09-14T13:39:22.163107
19,Guadalajara,2026,M07,23338.0,9099.0,2026-09-14T13:39:22.163107
20,Gipuzkoa,2025,M01,4185.0,1737.0,2026-09-14T13:39:22.163107
20,Gipuzkoa,2025,M02,5116.0,2797.0,2026-09-14T13:39:22.163107
20,Gipuzkoa,2025,M03,9571.0,4348.0,2026-09-14T13:39:22.163107
20,Gipuzkoa,2025,M04,13851.0,5283.0,2026-09-14T13:39:22.163107
20,Gipuzkoa,2025,M05,13623.0,5609.0,2026-09-14T13:39:22.163107
20,Gipuzkoa,2025,M06,15634.0,5911.0,2026-09-14T13:39:22.163107
20,Gipuzkoa,2025,M07,24826.0,6392.0,2026-09-14T13:39:22.163107
20,Gipuzkoa,2025,M08,35769.0,8078.0,2026-09-14T13:39:22.163107
20,Gipuzkoa,2025,M09,15189.0,5187.0,2026-09-14T13:39:22.163107
20,Gipuzkoa,2025,M10,11306.0,4475.0,2026-09-14T13:39:22.163107
20,Gipuzkoa,2025,M11,9147.0,4003.0,2026-09-14T13:39:22.163107
20,Gipuzkoa,2025,M12,10617.0,4050.0,2026-09-14T13:39:22.163107
20,Gipuzkoa,2026,M01,4473.0,1422.0,2026-09-14T13:39:22.163107
20,Gipuzkoa,2026,M02,5363.0,2559.0,2026-09-14T13:39:22.163107
20,Gipuzkoa,2026,M03,9403.0,3885.0,2026-09-14T13:39:22.163107
20,Gipuzkoa,2026,M04,9587.0,3679.0,2026-09-14T13:39:22.163107
20,Gipuzkoa,2026,M05,10509.0,4250.0,2026-09-14T13:39:22.163107
20,Gipuzkoa,2026,M06,9741.0,3895.0,2026-09-14T13:39:22.163107
20,Gipuzkoa,2026,M07,23633.0,5708.0,2026-09-14T13:39:22.163107
21,Huelva,2025,M01,4451.0,1900.0,2026-09-14T13:39:22.163107
21,Huelva,2025,M02,4787.0,2568.0,2026-09-14T13:39:22.163107
21,Huelva,2025,M03,3841.0,2110.0,2026-09-14T13:39:22.163107
21,Huelva,2025,M04,5866.0,2345.0,2026-09-14T13:39:22.163107
21,Huelva,2025,M05,4843.0,2365.0,2026-09-14T13:39:22.163107
21,Huelva,2025,M06,5805.0,2144.0,2026-09-14T13:39:22.163107
21,Huelva,2025,M07,7369.0,2879.0,2026-09-14T13:39:22.163107
21,Huelva,2025,M08,9394.0,3295.0,2026-09-14T13:39:22.163107
21,Huelva,2025,M09,5146.0,2388.0,2026-09-14T13:39:22.163107
21,Huelva,2025,M10,7124.0,3451.0,2026-09-14T13:39:22.163107
21,Huelva,2025,M11,7442.0,4094.0,2026-09-14T13:39:22.163107
21,Huelva,2025,M12,6637.0,3126.0,2026-09-14T13:39:22.163107
21,Huelva,2026,M01,5029.0,2717.0,2026-09-14T13:39:22.163107
21,Huelva,2026,M02,6015.0,3427.0,2026-09-14T13:39:22.163107
21,Huelva,2026,M03,5526.0,3076.0,2026-09-14T13:39:22.163107
21,Huelva,2026,M04,6198.0,3042.0,2026-09-14T13:39:22.163107
21,Huelva,2026,M05,6400.0,2774.0,2026-09-14T13:39:22.163107
21,Huelva,2026,M06,6549.0,3363.0,2026-09-14T13:39:22.163107
21,Huelva,2026,M07,8537.0,3508.0,2026-09-14T13:39:22.163107
22,Huesca,2025,M01,10599.0,4221.0,2026-09-14T13:39:22.163107
22,Huesca,2025,M02,15889.0,7174.0,2026-09-14T13:39:22.163107
22,Huesca,2025,M03,12515.0,6002.0,2026-09-14T13:39:22.163107
22,Huesca,2025,M04,20810.0,7024.0,2026-09-14T13:39:22.163107
22,Huesca,2025,M05,14846.0,5582.0,2026-09-14T13:39:22.163107
22,Huesca,2025,M06,18914.0,7638.0,2026-09-14T13:39:22.163107
22,Huesca,2025,M07,34821.0,10172.0,2026-09-14T13:39:22.163107
22,Huesca,2025,M08,60291.0,14199.0,2026-09-14T13:39:22.163107
22,Huesca,2025,M09,18947.0,7041.0,2026-09-14T13:39:22.163107
22,Huesca,2025,M10,17749.0,7461.0,2026-09-14T13:39:22.163107
22,Huesca,2025,M11,11958.0,5663.0,2026-09-14T13:39:22.163107
22,Huesca,2025,M12,22392.0,7333.0,2026-09-14T13:39:22.163107
22,Huesca,2026,M01,13568.0,5010.0,2026-09-14T13:39:22.163107
22,Huesca,2026,M02,19553.0,6998.0,2026-09-14T13:39:22.163107
22,Huesca,2026,M03,17662.0,6459.0,2026-09-14T13:39:22.163107
22,Huesca,2026,M04,21794.0,8060.0,2026-09-14T13:39:22.163107
22,Huesca,2026,M05,18221.0,7806.0,2026-09-14T13:39:22.163107
22,Huesca,2026,M06,20243.0,8150.0,2026-09-14T13:39:22.163107
22,Huesca,2026,M07,38629.0,10221.0,2026-09-14T13:39:22.163107
23,Jaén,2025,M01,3240.0,1575.0,2026-09-14T13:39:22.163107
23,Jaén,2025,M02,3988.0,1982.0,2026-09-14T13:39:22.163107
23,Jaén,2025,M03,3977.0,2076.0,2026-09-14T13:39:22.163107
23,Jaén,2025,M04,6570.0,2630.0,2026-09-14T13:39:22.163107
23,Jaén,2025,M05,4661.0,2030.0,2026-09-14T13:39:22.163107
23,Jaén,2025,M06,4136.0,1960.0,2026-09-14T13:39:22.163107
23,Jaén,2025,M07,8327.0,2931.0,2026-09-14T13:39:22.163107
23,Jaén,2025,M08,13749.0,3883.0,2026-09-14T13:39:22.163107
23,Jaén,2025,M09,5504.0,2210.0,2026-09-14T13:39:22.163107
23,Jaén,2025,M10,5133.0,2429.0,2026-09-14T13:39:22.163107
23,Jaén,2025,M11,5193.0,2476.0,2026-09-14T13:39:22.163107
23,Jaén,2025,M12,8084.0,3483.0,2026-09-14T13:39:22.163107
23,Jaén,2026,M01,3942.0,1815.0,2026-09-14T13:39:22.163107
23,Jaén,2026,M02,3641.0,1886.0,2026-09-14T13:39:22.163107
23,Jaén,2026,M03,4085.0,2111.0,2026-09-14T13:39:22.163107
23,Jaén,2026,M04,8845.0,3706.0,2026-09-14T13:39:22.163107
23,Jaén,2026,M05,7054.0,3718.0,2026-09-14T13:39:22.163107
23,Jaén,2026,M06,7381.0,3706.0,2026-09-14T13:39:22.163107
23,Jaén,2026,M07,11018.0,4386.0,2026-09-14T13:39:22.163107
24,León,2025,M01,3867.0,2152.0,2026-09-14T13:39:22.163107
24,León,2025,M02,5775.0,3114.0,2026-09-14T13:39:22.163107
24,León,2025,M03,5735.0,3171.0,2026-09-14T13:39:22.163107
24,León,2025,M04,12548.0,5746.0,2026-09-14T13:39:22.163107
24,León,2025,M05,13305.0,7602.0,2026-09-14T13:39:22.163107
24,León,2025,M06,11158.0,7017.0,2026-09-14T13:39:22.163107
24,León,2025,M07,20480.0,9314.0,2026-09-14T13:39:22.163107
24,León,2025,M08,34420.0,10172.0,2026-09-14T13:39:22.163107
24,León,2025,M09,8652.0,4664.0,2026-09-14T13:39:22.163107
24,León,2025,M10,10141.0,5505.0,2026-09-14T13:39:22.163107
24,León,2025,M11,7899.0,4076.0,2026-09-14T13:39:22.163107
24,León,2025,M12,11866.0,4826.0,2026-09-14T13:39:22.163107
24,León,2026,M01,6078.0,2809.0,2026-09-14T13:39:22.163107
24,León,2026,M02,7805.0,3727.0,2026-09-14T13:39:22.163107
24,León,2026,M03,11363.0,5679.0,2026-09-14T13:39:22.163107
24,León,2026,M04,17432.0,7519.0,2026-09-14T13:39:22.163107
24,León,2026,M05,15453.0,7409.0,2026-09-14T13:39:22.163107
24,León,2026,M06,16294.0,7279.0,2026-09-14T13:39:22.163107
24,León,2026,M07,26668.0,10373.0,2026-09-14T13:39:22.163107
25,Lleida,2025,M01,11474.0,4903.0,2026-09-14T13:39:22.163107
25,Lleida,2025,M02,12089.0,5740.0,2026-09-14T13:39:22.163107
25,Lleida,2025,M03,9796.0,4905.0,2026-09-14T13:39:22.163107
25,Lleida,2025,M04,14301.0,5164.0,2026-09-14T13:39:22.163107
25,Lleida,2025,M05,12710.0,6131.0,2026-09-14T13:39:22.163107
25,Lleida,2025,M06,18310.0,7453.0,2026-09-14T13:39:22.163107
25,Lleida,2025,M07,21039.0,7392.0,2026-09-14T13:39:22.163107
25,Lleida,2025,M08,38590.0,9492.0,2026-09-14T13:39:22.163107
25,Lleida,2025,M09,15141.0,6206.0,2026-09-14T13:39:22.163107
25,Lleida,2025,M10,12964.0,6867.0,2026-09-14T13:39:22.163107
25,Lleida,2025,M11,11251.0,5387.0,2026-09-14T13:39:22.163107
25,Lleida,2025,M12,19474.0,7726.0,2026-09-14T13:39:22.163107
25,Lleida,2026,M01,12327.0,4327.0,2026-09-14T13:39:22.163107
25,Lleida,2026,M02,11496.0,4452.0,2026-09-14T13:39:22.163107
25,Lleida,2026,M03,15991.0,6042.0,2026-09-14T13:39:22.163107
25,Lleida,2026,M04,17617.0,8186.0,2026-09-14T13:39:22.163107
25,Lleida,2026,M05,16096.0,7608.0,2026-09-14T13:39:22.163107
25,Lleida,2026,M06,20044.0,9378.0,2026-09-14T13:39:22.163107
25,Lleida,2026,M07,23793.0,9939.0,2026-09-14T13:39:22.163107
26,La Rioja,2025,M01,2011.0,993.0,2026-09-14T13:39:22.163107
26,La Rioja,2025,M02,3264.0,1821.0,2026-09-14T13:39:22.163107
26,La Rioja,2025,M03,4193.0,2388.0,2026-09-14T13:39:22.163107
26,La Rioja,2025,M04,6537.0,2844.0,2026-09-14T13:39:22.163107
26,La Rioja,2025,M05,6228.0,2865.0,2026-09-14T13:39:22.163107
26,La Rioja,2025,M06,4500.0,2511.0,2026-09-14T13:39:22.163107
26,La Rioja,2025,M07,8053.0,3706.0,2026-09-14T13:39:22.163107
26,La Rioja,2025,M08,11888.0,3589.0,2026-09-14T13:39:22.163107
26,La Rioja,2025,M09,4544.0,2283.0,2026-09-14T13:39:22.163107
26,La Rioja,2025,M10,6157.0,3190.0,2026-09-14T13:39:22.163107
26,La Rioja,2025,M11,4609.0,2262.0,2026-09-14T13:39:22.163107
26,La Rioja,2025,M12,6313.0,2540.0,2026-09-14T13:39:22.163107
26,La Rioja,2026,M01,1735.0,806.0,2026-09-14T13:39:22.163107
26,La Rioja,2026,M02,2873.0,1334.0,2026-09-14T13:39:22.163107
26,La Rioja,2026,M03,3543.0,1734.0,2026-09-14T13:39:22.163107
26,La Rioja,2026,M04,5418.0,2377.0,2026-09-14T13:39:22.163107
26,La Rioja,2026,M05,6100.0,3001.0,2026-09-14T13:39:22.163107
26,La Rioja,2026,M06,4349.0,2206.0,2026-09-14T13:39:22.163107
26,La Rioja,2026,M07,6202.0,2443.0,2026-09-14T13:39:22.163107
27,Lugo,2025,M01,1477.0,840.0,2026-09-14T13:39:22.163107
27,Lugo,2025,M02,1995.0,1251.0,2026-09-14T13:39:22.163107
27,Lugo,2025,M03,2360.0,1550.0,2026-09-14T13:39:22.163107
27,Lugo,2025,M04,5443.0,3294.0,2026-09-14T13:39:22.163107
27,Lugo,2025,M05,4556.0,2500.0,2026-09-14T13:39:22.163107
27,Lugo,2025,M06,5790.0,3015.0,2026-09-14T13:39:22.163107
27,Lugo,2025,M07,12153.0,5280.0,2026-09-14T13:39:22.163107
27,Lugo,2025,M08,16706.0,6814.0,2026-09-14T13:39:22.163107
27,Lugo,2025,M09,6427.0,3084.0,2026-09-14T13:39:22.163107
27,Lugo,2025,M10,4006.0,2262.0,2026-09-14T13:39:22.163107
27,Lugo,2025,M11,2683.0,1342.0,2026-09-14T13:39:22.163107
27,Lugo,2025,M12,1901.0,904.0,2026-09-14T13:39:22.163107
27,Lugo,2026,M01,1933.0,1024.0,2026-09-14T13:39:22.163107
27,Lugo,2026,M02,1740.0,944.0,2026-09-14T13:39:22.163107
27,Lugo,2026,M03,3192.0,1769.0,2026-09-14T13:39:22.163107
27,Lugo,2026,M04,4453.0,2753.0,2026-09-14T13:39:22.163107
27,Lugo,2026,M05,3677.0,2493.0,2026-09-14T13:39:22.163107
27,Lugo,2026,M06,5512.0,2784.0,2026-09-14T13:39:22.163107
27,Lugo,2026,M07,10375.0,4633.0,2026-09-14T13:39:22.163107
28,Madrid,2025,M01,14933.0,9948.0,2026-09-14T13:39:22.163107
28,Madrid,2025,M02,15622.0,10495.0,2026-09-14T13:39:22.163107
28,Madrid,2025,M03,16699.0,10344.0,2026-09-14T13:39:22.163107
28,Madrid,2025,M04,21236.0,12023.0,2026-09-14T13:39:22.163107
28,Madrid,2025,M05,22119.0,11825.0,2026-09-14T13:39:22.163107
28,Madrid,2025,M06,26285.0,14798.0,2026-09-14T13:39:22.163107
28,Madrid,2025,M07,23516.0,12115.0,2026-09-14T13:39:22.163107
28,Madrid,2025,M08,30551.0,12640.0,2026-09-14T13:39:22.163107
28,Madrid,2025,M09,22736.0,12789.0,2026-09-14T13:39:22.163107
28,Madrid,2025,M10,24202.0,13159.0,2026-09-14T13:39:22.163107
28,Madrid,2025,M11,20065.0,12129.0,2026-09-14T13:39:22.163107
28,Madrid,2025,M12,24970.0,14095.0,2026-09-14T13:39:22.163107
28,Madrid,2026,M01,17983.0,10360.0,2026-09-14T13:39:22.163107
28,Madrid,2026,M02,17977.0,9586.0,2026-09-14T13:39:22.163107
28,Madrid,2026,M03,19477.0,10699.0,2026-09-14T13:39:22.163107
28,Madrid,2026,M04,20980.0,11250.0,2026-09-14T13:39:22.163107
28,Madrid,2026,M05,23872.0,14209.0,2026-09-14T13:39:22.163107
28,Madrid,2026,M06,23188.0,13510.0,2026-09-14T13:39:22.163107
28,Madrid,2026,M07,23973.0,11979.0,2026-09-14T13:39:22.163107
29,Málaga,2025,M01,12487.0,8035.0,2026-09-14T13:39:22.163107
29,Málaga,2025,M02,4077.0,2047.0,2026-09-14T13:39:22.163107
29,Málaga,2025,M03,10474.0,4527.0,2026-09-14T13:39:22.163107
29,Málaga,2025,M04,20348.0,6936.0,2026-09-14T13:39:22.163107
29,Málaga,2025,M05,7616.0,2870.0,2026-09-14T13:39:22.163107
29,Málaga,2025,M06,34141.0,7623.0,2026-09-14T13:39:22.163107
29,Málaga,2025,M07,42302.0,10136.0,2026-09-14T13:39:22.163107
29,Málaga,2025,M08,46670.0,10263.0,2026-09-14T13:39:22.163107
29,Málaga,2025,M09,27589.0,6495.0,2026-09-14T13:39:22.163107
29,Málaga,2025,M10,9610.0,2708.0,2026-09-14T13:39:22.163107
29,Málaga,2025,M11,8563.0,3165.0,2026-09-14T13:39:22.163107
29,Málaga,2025,M12,16410.0,5708.0,2026-09-14T13:39:22.163107
29,Málaga,2026,M01,9728.0,4584.0,2026-09-14T13:39:22.163107
29,Málaga,2026,M02,10006.0,4270.0,2026-09-14T13:39:22.163107
29,Málaga,2026,M03,10121.0,4367.0,2026-09-14T13:39:22.163107
29,Málaga,2026,M04,10006.0,3468.0,2026-09-14T13:39:22.163107
29,Málaga,2026,M05,10088.0,3678.0,2026-09-14T13:39:22.163107
29,Málaga,2026,M06,21906.0,5381.0,2026-09-14T13:39:22.163107
29,Málaga,2026,M07,49301.0,8254.0,2026-09-14T13:39:22.163107
30,Murcia,2025,M01,5371.0,2639.0,2026-09-14T13:39:22.163107
30,Murcia,2025,M02,7222.0,3837.0,2026-09-14T13:39:22.163107
30,Murcia,2025,M03,5802.0,2684.0,2026-09-14T13:39:22.163107
30,Murcia,2025,M04,8030.0,3357.0,2026-09-14T13:39:22.163107
30,Murcia,2025,M05,7465.0,3672.0,2026-09-14T13:39:22.163107
30,Murcia,2025,M06,10625.0,4596.0,2026-09-14T13:39:22.163107
30,Murcia,2025,M07,18447.0,5875.0,2026-09-14T13:39:22.163107
30,Murcia,2025,M08,28748.0,7054.0,2026-09-14T13:39:22.163107
30,Murcia,2025,M09,6724.0,3396.0,2026-09-14T13:39:22.163107
30,Murcia,2025,M10,7242.0,3551.0,2026-09-14T13:39:22.163107
30,Murcia,2025,M11,8175.0,3546.0,2026-09-14T13:39:22.163107
30,Murcia,2025,M12,10644.0,5072.0,2026-09-14T13:39:22.163107
30,Murcia,2026,M01,7853.0,3694.0,2026-09-14T13:39:22.163107
30,Murcia,2026,M02,6330.0,3222.0,2026-09-14T13:39:22.163107
30,Murcia,2026,M03,5856.0,2717.0,2026-09-14T13:39:22.163107
30,Murcia,2026,M04,7378.0,3209.0,2026-09-14T13:39:22.163107
30,Murcia,2026,M05,5761.0,2905.0,2026-09-14T13:39:22.163107
30,Murcia,2026,M06,6850.0,3365.0,2026-09-14T13:39:22.163107
30,Murcia,2026,M07,13234.0,4926.0,2026-09-14T13:39:22.163107
31,Navarra,2025,M01,13346.0,5825.0,2026-09-14T13:39:22.163107
31,Navarra,2025,M02,9983.0,3499.0,2026-09-14T13:39:22.163107
31,Navarra,2025,M03,15717.0,7942.0,2026-09-14T13:39:22.163107
31,Navarra,2025,M04,31415.0,11581.0,2026-09-14T13:39:22.163107
31,Navarra,2025,M05,32687.0,12487.0,2026-09-14T13:39:22.163107
31,Navarra,2025,M06,25274.0,10610.0,2026-09-14T13:39:22.163107
31,Navarra,2025,M07,47024.0,11872.0,2026-09-14T13:39:22.163107
31,Navarra,2025,M08,72044.0,14930.0,2026-09-14T13:39:22.163107
31,Navarra,2025,M09,29936.0,10747.0,2026-09-14T13:39:22.163107
31,Navarra,2025,M10,34045.0,13595.0,2026-09-14T13:39:22.163107
31,Navarra,2025,M11,26277.0,11575.0,2026-09-14T13:39:22.163107
31,Navarra,2025,M12,34618.0,12186.0,2026-09-14T13:39:22.163107
31,Navarra,2026,M01,16123.0,6959.0,2026-09-14T13:39:22.163107
31,Navarra,2026,M02,16450.0,8526.0,2026-09-14T13:39:22.163107
31,Navarra,2026,M03,21914.0,9339.0,2026-09-14T13:39:22.163107
31,Navarra,2026,M04,32532.0,11839.0,2026-09-14T13:39:22.163107
31,Navarra,2026,M05,27326.0,11847.0,2026-09-14T13:39:22.163107
31,Navarra,2026,M06,27680.0,9591.0,2026-09-14T13:39:22.163107
31,Navarra,2026,M07,51591.0,11673.0,2026-09-14T13:39:22.163107
32,Ourense,2025,M01,1051.0,699.0,2026-09-14T13:39:22.163107
32,Ourense,2025,M02,1667.0,1260.0,2026-09-14T13:39:22.163107
32,Ourense,2025,M03,1775.0,1169.0,2026-09-14T13:39:22.163107
32,Ourense,2025,M04,3168.0,1745.0,2026-09-14T13:39:22.163107
32,Ourense,2025,M05,2749.0,1529.0,2026-09-14T13:39:22.163107
32,Ourense,2025,M06,2489.0,1323.0,2026-09-14T13:39:22.163107
32,Ourense,2025,M07,4631.0,2303.0,2026-09-14T13:39:22.163107
32,Ourense,2025,M08,8453.0,3233.0,2026-09-14T13:39:22.163107
32,Ourense,2025,M09,3508.0,1666.0,2026-09-14T13:39:22.163107
32,Ourense,2025,M10,3613.0,2032.0,2026-09-14T13:39:22.163107
32,Ourense,2025,M11,2617.0,1696.0,2026-09-14T13:39:22.163107
32,Ourense,2025,M12,2452.0,1597.0,2026-09-14T13:39:22.163107
32,Ourense,2026,M01,1823.0,1349.0,2026-09-14T13:39:22.163107
32,Ourense,2026,M02,1849.0,1335.0,2026-09-14T13:39:22.163107
32,Ourense,2026,M03,1986.0,1324.0,2026-09-14T13:39:22.163107
32,Ourense,2026,M04,3179.0,1894.0,2026-09-14T13:39:22.163107
32,Ourense,2026,M05,3339.0,2092.0,2026-09-14T13:39:22.163107
32,Ourense,2026,M06,3317.0,2021.0,2026-09-14T13:39:22.163107
32,Ourense,2026,M07,5972.0,2809.0,2026-09-14T13:39:22.163107
33,Asturias,2025,M01,10058.0,4500.0,2026-09-14T13:39:22.163107
33,Asturias,2025,M02,14781.0,7567.0,2026-09-14T13:39:22.163107
33,Asturias,2025,M03,26296.0,10340.0,2026-09-14T13:39:22.163107
33,Asturias,2025,M04,58757.0,21935.0,2026-09-14T13:39:22.163107
33,Asturias,2025,M05,39840.0,17609.0,2026-09-14T13:39:22.163107
33,Asturias,2025,M06,68516.0,24273.0,2026-09-14T13:39:22.163107
33,Asturias,2025,M07,162716.0,38551.0,2026-09-14T13:39:22.163107
33,Asturias,2025,M08,223120.0,51928.0,2026-09-14T13:39:22.163107
33,Asturias,2025,M09,84862.0,29571.0,2026-09-14T13:39:22.163107
33,Asturias,2025,M10,39351.0,17690.0,2026-09-14T13:39:22.163107
33,Asturias,2025,M11,25874.0,12027.0,2026-09-14T13:39:22.163107
33,Asturias,2025,M12,30484.0,12870.0,2026-09-14T13:39:22.163107
33,Asturias,2026,M01,18351.0,5971.0,2026-09-14T13:39:22.163107
33,Asturias,2026,M02,21407.0,9022.0,2026-09-14T13:39:22.163107
33,Asturias,2026,M03,28627.0,11759.0,2026-09-14T13:39:22.163107
33,Asturias,2026,M04,53729.0,20259.0,2026-09-14T13:39:22.163107
33,Asturias,2026,M05,44010.0,19531.0,2026-09-14T13:39:22.163107
33,Asturias,2026,M06,78062.0,28276.0,2026-09-14T13:39:22.163107
33,Asturias,2026,M07,179575.0,45996.0,2026-09-14T13:39:22.163107
34,Palencia,2025,M01,2727.0,1116.0,2026-09-14T13:39:22.163107
34,Palencia,2025,M02,4013.0,2099.0,2026-09-14T13:39:22.163107
34,Palencia,2025,M03,6454.0,2841.0,2026-09-14T13:39:22.163107
34,Palencia,2025,M04,7915.0,3211.0,2026-09-14T13:39:22.163107
34,Palencia,2025,M05,10387.0,4546.0,2026-09-14T13:39:22.163107
34,Palencia,2025,M06,8590.0,4180.0,2026-09-14T13:39:22.163107
34,Palencia,2025,M07,14311.0,5752.0,2026-09-14T13:39:22.163107
34,Palencia,2025,M08,19355.0,6565.0,2026-09-14T13:39:22.163107
34,Palencia,2025,M09,9832.0,4302.0,2026-09-14T13:39:22.163107
34,Palencia,2025,M10,8303.0,4322.0,2026-09-14T13:39:22.163107
34,Palencia,2025,M11,5264.0,2569.0,2026-09-14T13:39:22.163107
34,Palencia,2025,M12,5872.0,2444.0,2026-09-14T13:39:22.163107
34,Palencia,2026,M01,3119.0,1374.0,2026-09-14T13:39:22.163107
34,Palencia,2026,M02,4082.0,1870.0,2026-09-14T13:39:22.163107
34,Palencia,2026,M03,4803.0,2301.0,2026-09-14T13:39:22.163107
34,Palencia,2026,M04,8155.0,3717.0,2026-09-14T13:39:22.163107
34,Palencia,2026,M05,8029.0,4100.0,2026-09-14T13:39:22.163107
34,Palencia,2026,M06,8231.0,4027.0,2026-09-14T13:39:22.163107
34,Palencia,2026,M07,14194.0,4646.0,2026-09-14T13:39:22.163107
35,Las Palmas,2025,M01,1061.0,435.0,2026-09-14T13:39:22.163107
35,Las Palmas,2025,M02,1327.0,523.0,2026-09-14T13:39:22.163107
35,Las Palmas,2025,M03,1637.0,669.0,2026-09-14T13:39:22.163107
35,Las Palmas,2025,M04,2021.0,798.0,2026-09-14T13:39:22.163107
35,Las Palmas,2025,M05,1966.0,857.0,2026-09-14T13:39:22.163107
35,Las Palmas,2025,M06,2295.0,871.0,2026-09-14T13:39:22.163107
35,Las Palmas,2025,M07,2983.0,1068.0,2026-09-14T13:39:22.163107
35,Las Palmas,2025,M08,4518.0,1568.0,2026-09-14T13:39:22.163107
35,Las Palmas,2025,M09,2563.0,1094.0,2026-09-14T13:39:22.163107
35,Las Palmas,2025,M10,2230.0,887.0,2026-09-14T13:39:22.163107
35,Las Palmas,2025,M11,1701.0,765.0,2026-09-14T13:39:22.163107
35,Las Palmas,2025,M12,1489.0,709.0,2026-09-14T13:39:22.163107
35,Las Palmas,2026,M01,1215.0,494.0,2026-09-14T13:39:22.163107
35,Las Palmas,2026,M02,895.0,409.0,2026-09-14T13:39:22.163107
35,Las Palmas,2026,M03,1313.0,557.0,2026-09-14T13:39:22.163107
35,Las Palmas,2026,M04,1619.0,697.0,2026-09-14T13:39:22.163107
35,Las Palmas,2026,M05,1938.0,834.0,2026-09-14T13:39:22.163107
35,Las Palmas,2026,M06,2419.0,938.0,2026-09-14T13:39:22.163107
35,Las Palmas,2026,M07,3867.0,1501.0,2026-09-14T13:39:22.163107
36,Pontevedra,2025,M01,1902.0,1103.0,2026-09-14T13:39:22.163107
36,Pontevedra,2025,M02,2383.0,1376.0,2026-09-14T13:39:22.163107
36,Pontevedra,2025,M03,1730.0,1136.0,2026-09-14T13:39:22.163107
36,Pontevedra,2025,M04,4631.0,1972.0,2026-09-14T13:39:22.163107
36,Pontevedra,2025,M05,4225.0,2291.0,2026-09-14T13:39:22.163107
36,Pontevedra,2025,M06,7640.0,3306.0,2026-09-14T13:39:22.163107
36,Pontevedra,2025,M07,15789.0,5100.0,2026-09-14T13:39:22.163107
36,Pontevedra,2025,M08,26006.0,6814.0,2026-09-14T13:39:22.163107
36,Pontevedra,2025,M09,8867.0,3558.0,2026-09-14T13:39:22.163107
36,Pontevedra,2025,M10,4625.0,2240.0,2026-09-14T13:39:22.163107
36,Pontevedra,2025,M11,2227.0,1343.0,2026-09-14T13:39:22.163107
36,Pontevedra,2025,M12,3891.0,1965.0,2026-09-14T13:39:22.163107
36,Pontevedra,2026,M01,687.0,440.0,2026-09-14T13:39:22.163107
36,Pontevedra,2026,M02,1174.0,711.0,2026-09-14T13:39:22.163107
36,Pontevedra,2026,M03,2568.0,1411.0,2026-09-14T13:39:22.163107
36,Pontevedra,2026,M04,5410.0,2461.0,2026-09-14T13:39:22.163107
36,Pontevedra,2026,M05,5225.0,2723.0,2026-09-14T13:39:22.163107
36,Pontevedra,2026,M06,7618.0,3846.0,2026-09-14T13:39:22.163107
36,Pontevedra,2026,M07,15037.0,5260.0,2026-09-14T13:39:22.163107
37,Salamanca,2025,M01,5834.0,3166.0,2026-09-14T13:39:22.163107
37,Salamanca,2025,M02,8490.0,4960.0,2026-09-14T13:39:22.163107
37,Salamanca,2025,M03,12848.0,6401.0,2026-09-14T13:39:22.163107
37,Salamanca,2025,M04,18729.0,7674.0,2026-09-14T13:39:22.163107
37,Salamanca,2025,M05,18179.0,8305.0,2026-09-14T13:39:22.163107
37,Salamanca,2025,M06,15829.0,7371.0,2026-09-14T13:39:22.163107
37,Salamanca,2025,M07,24521.0,9149.0,2026-09-14T13:39:22.163107
37,Salamanca,2025,M08,33621.0,11230.0,2026-09-14T13:39:22.163107
37,Salamanca,2025,M09,12903.0,6611.0,2026-09-14T13:39:22.163107
37,Salamanca,2025,M10,12095.0,6165.0,2026-09-14T13:39:22.163107
37,Salamanca,2025,M11,8979.0,4727.0,2026-09-14T13:39:22.163107
37,Salamanca,2025,M12,17755.0,7733.0,2026-09-14T13:39:22.163107
37,Salamanca,2026,M01,8363.0,3751.0,2026-09-14T13:39:22.163107
37,Salamanca,2026,M02,11116.0,5387.0,2026-09-14T13:39:22.163107
37,Salamanca,2026,M03,13592.0,6519.0,2026-09-14T13:39:22.163107
37,Salamanca,2026,M04,19296.0,9051.0,2026-09-14T13:39:22.163107
37,Salamanca,2026,M05,14885.0,8113.0,2026-09-14T13:39:22.163107
37,Salamanca,2026,M06,15076.0,7635.0,2026-09-14T13:39:22.163107
37,Salamanca,2026,M07,24014.0,9407.0,2026-09-14T13:39:22.163107
38,Santa Cruz de Tenerife,2025,M01,4440.0,1350.0,2026-09-14T13:39:22.163107
38,Santa Cruz de Tenerife,2025,M02,5044.0,1629.0,2026-09-14T13:39:22.163107
38,Santa Cruz de Tenerife,2025,M03,5003.0,1533.0,2026-09-14T13:39:22.163107
38,Santa Cruz de Tenerife,2025,M04,5480.0,1718.0,2026-09-14T13:39:22.163107
38,Santa Cruz de Tenerife,2025,M05,5757.0,2021.0,2026-09-14T13:39:22.163107
38,Santa Cruz de Tenerife,2025,M06,4552.0,1468.0,2026-09-14T13:39:22.163107
38,Santa Cruz de Tenerife,2025,M07,8351.0,2455.0,2026-09-14T13:39:22.163107
38,Santa Cruz de Tenerife,2025,M08,11708.0,2796.0,2026-09-14T13:39:22.163107
38,Santa Cruz de Tenerife,2025,M09,7929.0,2200.0,2026-09-14T13:39:22.163107
38,Santa Cruz de Tenerife,2025,M10,5073.0,1895.0,2026-09-14T13:39:22.163107
38,Santa Cruz de Tenerife,2025,M11,4030.0,1243.0,2026-09-14T13:39:22.163107
38,Santa Cruz de Tenerife,2025,M12,5717.0,1781.0,2026-09-14T13:39:22.163107
38,Santa Cruz de Tenerife,2026,M01,4662.0,1177.0,2026-09-14T13:39:22.163107
38,Santa Cruz de Tenerife,2026,M02,4377.0,1399.0,2026-09-14T13:39:22.163107
38,Santa Cruz de Tenerife,2026,M03,4334.0,1612.0,2026-09-14T13:39:22.163107
38,Santa Cruz de Tenerife,2026,M04,5669.0,1912.0,2026-09-14T13:39:22.163107
38,Santa Cruz de Tenerife,2026,M05,5540.0,1868.0,2026-09-14T13:39:22.163107
38,Santa Cruz de Tenerife,2026,M06,5822.0,1647.0,2026-09-14T13:39:22.163107
38,Santa Cruz de Tenerife,2026,M07,9204.0,2630.0,2026-09-14T13:39:22.163107
39,Cantabria,2025,M01,9207.0,4260.0,2026-09-14T13:39:22.163107
39,Cantabria,2025,M02,11863.0,6428.0,2026-09-14T13:39:22.163107
39,Cantabria,2025,M03,16639.0,8730.0,2026-09-14T13:39:22.163107
39,Cantabria,2025,M04,46866.0,20624.0,2026-09-14T13:39:22.163107
39,Cantabria,2025,M05,39522.0,19919.0,2026-09-14T13:39:22.163107
39,Cantabria,2025,M06,54381.0,24838.0,2026-09-14T13:39:22.163107
39,Cantabria,2025,M07,122109.0,45231.0,2026-09-14T13:39:22.163107
39,Cantabria,2025,M08,177952.0,51833.0,2026-09-14T13:39:22.163107
39,Cantabria,2025,M09,56638.0,22662.0,2026-09-14T13:39:22.163107
39,Cantabria,2025,M10,32260.0,15542.0,2026-09-14T13:39:22.163107
39,Cantabria,2025,M11,19403.0,10138.0,2026-09-14T13:39:22.163107
39,Cantabria,2025,M12,30099.0,13554.0,2026-09-14T13:39:22.163107
39,Cantabria,2026,M01,15401.0,6790.0,2026-09-14T13:39:22.163107
39,Cantabria,2026,M02,10321.0,5871.0,2026-09-14T13:39:22.163107
39,Cantabria,2026,M03,23153.0,11126.0,2026-09-14T13:39:22.163107
39,Cantabria,2026,M04,49274.0,21047.0,2026-09-14T13:39:22.163107
39,Cantabria,2026,M05,37321.0,18879.0,2026-09-14T13:39:22.163107
39,Cantabria,2026,M06,55937.0,25711.0,2026-09-14T13:39:22.163107
39,Cantabria,2026,M07,124855.0,41807.0,2026-09-14T13:39:22.163107
40,Segovia,2025,M01,8649.0,4864.0,2026-09-14T13:39:22.163107
40,Segovia,2025,M02,14326.0,7951.0,2026-09-14T13:39:22.163107
40,Segovia,2025,M03,16091.0,8731.0,2026-09-14T13:39:22.163107
40,Segovia,2025,M04,21881.0,9423.0,2026-09-14T13:39:22.163107
40,Segovia,2025,M05,20038.0,9447.0,2026-09-14T13:39:22.163107
40,Segovia,2025,M06,19246.0,9289.0,2026-09-14T13:39:22.163107
40,Segovia,2025,M07,23943.0,9266.0,2026-09-14T13:39:22.163107
40,Segovia,2025,M08,30569.0,9954.0,2026-09-14T13:39:22.163107
40,Segovia,2025,M09,18571.0,8227.0,2026-09-14T13:39:22.163107
40,Segovia,2025,M10,19421.0,10053.0,2026-09-14T13:39:22.163107
40,Segovia,2025,M11,19522.0,10327.0,2026-09-14T13:39:22.163107
40,Segovia,2025,M12,25074.0,10075.0,2026-09-14T13:39:22.163107
40,Segovia,2026,M01,12049.0,6193.0,2026-09-14T13:39:22.163107
40,Segovia,2026,M02,12591.0,6952.0,2026-09-14T13:39:22.163107
40,Segovia,2026,M03,14772.0,7951.0,2026-09-14T13:39:22.163107
40,Segovia,2026,M04,22826.0,10975.0,2026-09-14T13:39:22.163107
40,Segovia,2026,M05,21851.0,11588.0,2026-09-14T13:39:22.163107
40,Segovia,2026,M06,19716.0,10277.0,2026-09-14T13:39:22.163107
40,Segovia,2026,M07,25637.0,12331.0,2026-09-14T13:39:22.163107
41,Sevilla,2025,M01,5117.0,2210.0,2026-09-14T13:39:22.163107
41,Sevilla,2025,M02,6612.0,2537.0,2026-09-14T13:39:22.163107
41,Sevilla,2025,M03,6747.0,2322.0,2026-09-14T13:39:22.163107
41,Sevilla,2025,M04,8880.0,2776.0,2026-09-14T13:39:22.163107
41,Sevilla,2025,M05,6708.0,1787.0,2026-09-14T13:39:22.163107
41,Sevilla,2025,M06,7531.0,2469.0,2026-09-14T13:39:22.163107
41,Sevilla,2025,M07,11225.0,3106.0,2026-09-14T13:39:22.163107
41,Sevilla,2025,M08,15704.0,4492.0,2026-09-14T13:39:22.163107
41,Sevilla,2025,M09,6892.0,2582.0,2026-09-14T13:39:22.163107
41,Sevilla,2025,M10,7122.0,3294.0,2026-09-14T13:39:22.163107
41,Sevilla,2025,M11,7424.0,3430.0,2026-09-14T13:39:22.163107
41,Sevilla,2025,M12,12423.0,4592.0,2026-09-14T13:39:22.163107
41,Sevilla,2026,M01,3958.0,2046.0,2026-09-14T13:39:22.163107
41,Sevilla,2026,M02,5820.0,2597.0,2026-09-14T13:39:22.163107
41,Sevilla,2026,M03,6358.0,2402.0,2026-09-14T13:39:22.163107
41,Sevilla,2026,M04,7479.0,2701.0,2026-09-14T13:39:22.163107
41,Sevilla,2026,M05,4679.0,2140.0,2026-09-14T13:39:22.163107
41,Sevilla,2026,M06,7148.0,2495.0,2026-09-14T13:39:22.163107
41,Sevilla,2026,M07,8458.0,2614.0,2026-09-14T13:39:22.163107
42,Soria,2025,M01,3904.0,1580.0,2026-09-14T13:39:22.163107
42,Soria,2025,M02,6268.0,3230.0,2026-09-14T13:39:22.163107
42,Soria,2025,M03,9104.0,4677.0,2026-09-14T13:39:22.163107
42,Soria,2025,M04,14107.0,5794.0,2026-09-14T13:39:22.163107
42,Soria,2025,M05,13479.0,6939.0,2026-09-14T13:39:22.163107
42,Soria,2025,M06,11366.0,5963.0,2026-09-14T13:39:22.163107
42,Soria,2025,M07,15862.0,7059.0,2026-09-14T13:39:22.163107
42,Soria,2025,M08,23671.0,7252.0,2026-09-14T13:39:22.163107
42,Soria,2025,M09,11397.0,5168.0,2026-09-14T13:39:22.163107
42,Soria,2025,M10,15579.0,7335.0,2026-09-14T13:39:22.163107
42,Soria,2025,M11,11431.0,5253.0,2026-09-14T13:39:22.163107
42,Soria,2025,M12,13747.0,5349.0,2026-09-14T13:39:22.163107
42,Soria,2026,M01,7652.0,2680.0,2026-09-14T13:39:22.163107
42,Soria,2026,M02,8926.0,4189.0,2026-09-14T13:39:22.163107
42,Soria,2026,M03,11653.0,5445.0,2026-09-14T13:39:22.163107
42,Soria,2026,M04,21052.0,8841.0,2026-09-14T13:39:22.163107
42,Soria,2026,M05,16665.0,8394.0,2026-09-14T13:39:22.163107
42,Soria,2026,M06,14842.0,7359.0,2026-09-14T13:39:22.163107
42,Soria,2026,M07,19072.0,8272.0,2026-09-14T13:39:22.163107
43,Tarragona,2025,M01,4200.0,2282.0,2026-09-14T13:39:22.163107
43,Tarragona,2025,M02,4508.0,2454.0,2026-09-14T13:39:22.163107
43,Tarragona,2025,M03,7274.0,3774.0,2026-09-14T13:39:22.163107
43,Tarragona,2025,M04,11320.0,4813.0,2026-09-14T13:39:22.163107
43,Tarragona,2025,M05,10280.0,4635.0,2026-09-14T13:39:22.163107
43,Tarragona,2025,M06,11919.0,4983.0,2026-09-14T13:39:22.163107
43,Tarragona,2025,M07,12267.0,4083.0,2026-09-14T13:39:22.163107
43,Tarragona,2025,M08,23039.0,5026.0,2026-09-14T13:39:22.163107
43,Tarragona,2025,M09,9381.0,4090.0,2026-09-14T13:39:22.163107
43,Tarragona,2025,M10,7991.0,4162.0,2026-09-14T13:39:22.163107
43,Tarragona,2025,M11,6385.0,3032.0,2026-09-14T13:39:22.163107
43,Tarragona,2025,M12,10392.0,4608.0,2026-09-14T13:39:22.163107
43,Tarragona,2026,M01,5409.0,2824.0,2026-09-14T13:39:22.163107
43,Tarragona,2026,M02,7641.0,3313.0,2026-09-14T13:39:22.163107
43,Tarragona,2026,M03,7133.0,3799.0,2026-09-14T13:39:22.163107
43,Tarragona,2026,M04,11555.0,5022.0,2026-09-14T13:39:22.163107
43,Tarragona,2026,M05,10292.0,5345.0,2026-09-14T13:39:22.163107
43,Tarragona,2026,M06,10939.0,5130.0,2026-09-14T13:39:22.163107
43,Tarragona,2026,M07,16326.0,6491.0,2026-09-14T13:39:22.163107
44,Teruel,2025,M01,4155.0,1967.0,2026-09-14T13:39:22.163107
44,Teruel,2025,M02,7262.0,3983.0,2026-09-14T13:39:22.163107
44,Teruel,2025,M03,6963.0,3305.0,2026-09-14T13:39:22.163107
44,Teruel,2025,M04,16494.0,6933.0,2026-09-14T13:39:22.163107
44,Teruel,2025,M05,10889.0,5064.0,2026-09-14T13:39:22.163107
44,Teruel,2025,M06,12354.0,5759.0,2026-09-14T13:39:22.163107
44,Teruel,2025,M07,19733.0,6162.0,2026-09-14T13:39:22.163107
44,Teruel,2025,M08,37712.0,8431.0,2026-09-14T13:39:22.163107
44,Teruel,2025,M09,14482.0,5584.0,2026-09-14T13:39:22.163107
44,Teruel,2025,M10,12170.0,5485.0,2026-09-14T13:39:22.163107
44,Teruel,2025,M11,8938.0,4184.0,2026-09-14T13:39:22.163107
44,Teruel,2025,M12,13034.0,5786.0,2026-09-14T13:39:22.163107
44,Teruel,2026,M01,11327.0,5056.0,2026-09-14T13:39:22.163107
44,Teruel,2026,M02,8888.0,4178.0,2026-09-14T13:39:22.163107
44,Teruel,2026,M03,13774.0,5834.0,2026-09-14T13:39:22.163107
44,Teruel,2026,M04,17071.0,6673.0,2026-09-14T13:39:22.163107
44,Teruel,2026,M05,13801.0,6395.0,2026-09-14T13:39:22.163107
44,Teruel,2026,M06,13660.0,5512.0,2026-09-14T13:39:22.163107
44,Teruel,2026,M07,17113.0,5672.0,2026-09-14T13:39:22.163107
45,Toledo,2025,M01,6829.0,3578.0,2026-09-14T13:39:22.163107
45,Toledo,2025,M02,7456.0,4132.0,2026-09-14T13:39:22.163107
45,Toledo,2025,M03,13233.0,6801.0,2026-09-14T13:39:22.163107
45,Toledo,2025,M04,17965.0,8384.0,2026-09-14T13:39:22.163107
45,Toledo,2025,M05,17519.0,9157.0,2026-09-14T13:39:22.163107
45,Toledo,2025,M06,18910.0,9931.0,2026-09-14T13:39:22.163107
45,Toledo,2025,M07,20427.0,8836.0,2026-09-14T13:39:22.163107
45,Toledo,2025,M08,22683.0,9336.0,2026-09-14T13:39:22.163107
45,Toledo,2025,M09,16210.0,8279.0,2026-09-14T13:39:22.163107
45,Toledo,2025,M10,16779.0,8319.0,2026-09-14T13:39:22.163107
45,Toledo,2025,M11,12678.0,6052.0,2026-09-14T13:39:22.163107
45,Toledo,2025,M12,16838.0,7359.0,2026-09-14T13:39:22.163107
45,Toledo,2026,M01,8039.0,4017.0,2026-09-14T13:39:22.163107
45,Toledo,2026,M02,7894.0,4302.0,2026-09-14T13:39:22.163107
45,Toledo,2026,M03,10726.0,5504.0,2026-09-14T13:39:22.163107
45,Toledo,2026,M04,17405.0,8808.0,2026-09-14T13:39:22.163107
45,Toledo,2026,M05,20002.0,10348.0,2026-09-14T13:39:22.163107
45,Toledo,2026,M06,20870.0,10379.0,2026-09-14T13:39:22.163107
45,Toledo,2026,M07,21383.0,10491.0,2026-09-14T13:39:22.163107
46,Valencia/València,2025,M01,4021.0,1892.0,2026-09-14T13:39:22.163107
46,Valencia/València,2025,M02,3293.0,1787.0,2026-09-14T13:39:22.163107
46,Valencia/València,2025,M03,3528.0,1540.0,2026-09-14T13:39:22.163107
46,Valencia/València,2025,M04,7653.0,3219.0,2026-09-14T13:39:22.163107
46,Valencia/València,2025,M05,8771.0,3245.0,2026-09-14T13:39:22.163107
46,Valencia/València,2025,M06,8278.0,4003.0,2026-09-14T13:39:22.163107
46,Valencia/València,2025,M07,11565.0,4460.0,2026-09-14T13:39:22.163107
46,Valencia/València,2025,M08,20346.0,6059.0,2026-09-14T13:39:22.163107
46,Valencia/València,2025,M09,10078.0,4029.0,2026-09-14T13:39:22.163107
46,Valencia/València,2025,M10,10647.0,5054.0,2026-09-14T13:39:22.163107
46,Valencia/València,2025,M11,10867.0,4854.0,2026-09-14T13:39:22.163107
46,Valencia/València,2025,M12,12232.0,4173.0,2026-09-14T13:39:22.163107
46,Valencia/València,2026,M01,6385.0,2419.0,2026-09-14T13:39:22.163107
46,Valencia/València,2026,M02,8942.0,3539.0,2026-09-14T13:39:22.163107
46,Valencia/València,2026,M03,7015.0,2950.0,2026-09-14T13:39:22.163107
46,Valencia/València,2026,M04,9380.0,3931.0,2026-09-14T13:39:22.163107
46,Valencia/València,2026,M05,11363.0,5298.0,2026-09-14T13:39:22.163107
46,Valencia/València,2026,M06,8932.0,3917.0,2026-09-14T13:39:22.163107
46,Valencia/València,2026,M07,12362.0,4045.0,2026-09-14T13:39:22.163107
47,Valladolid,2025,M01,3474.0,2187.0,2026-09-14T13:39:22.163107
47,Valladolid,2025,M02,4495.0,2896.0,2026-09-14T13:39:22.163107
47,Valladolid,2025,M03,5478.0,3381.0,2026-09-14T13:39:22.163107
47,Valladolid,2025,M04,8785.0,4819.0,2026-09-14T13:39:22.163107
47,Valladolid,2025,M05,11303.0,6499.0,2026-09-14T13:39:22.163107
47,Valladolid,2025,M06,8392.0,4267.0,2026-09-14T13:39:22.163107
47,Valladolid,2025,M07,10047.0,4299.0,2026-09-14T13:39:22.163107
47,Valladolid,2025,M08,11767.0,5134.0,2026-09-14T13:39:22.163107
47,Valladolid,2025,M09,9977.0,4812.0,2026-09-14T13:39:22.163107
47,Valladolid,2025,M10,8935.0,4773.0,2026-09-14T13:39:22.163107
47,Valladolid,2025,M11,7273.0,4302.0,2026-09-14T13:39:22.163107
47,Valladolid,2025,M12,8058.0,4002.0,2026-09-14T13:39:22.163107
47,Valladolid,2026,M01,4070.0,2321.0,2026-09-14T13:39:22.163107
47,Valladolid,2026,M02,4419.0,2469.0,2026-09-14T13:39:22.163107
47,Valladolid,2026,M03,6916.0,3913.0,2026-09-14T13:39:22.163107
47,Valladolid,2026,M04,7791.0,4207.0,2026-09-14T13:39:22.163107
47,Valladolid,2026,M05,8622.0,4716.0,2026-09-14T13:39:22.163107
47,Valladolid,2026,M06,8142.0,4086.0,2026-09-14T13:39:22.163107
47,Valladolid,2026,M07,9473.0,4131.0,2026-09-14T13:39:22.163107
48,Bizkaia,2025,M01,2354.0,1035.0,2026-09-14T13:39:22.163107
48,Bizkaia,2025,M02,2804.0,1414.0,2026-09-14T13:39:22.163107
48,Bizkaia,2025,M03,3892.0,1611.0,2026-09-14T13:39:22.163107
48,Bizkaia,2025,M04,5962.0,2669.0,2026-09-14T13:39:22.163107
48,Bizkaia,2025,M05,5897.0,3010.0,2026-09-14T13:39:22.163107
48,Bizkaia,2025,M06,5442.0,2837.0,2026-09-14T13:39:22.163107
48,Bizkaia,2025,M07,11548.0,4048.0,2026-09-14T13:39:22.163107
48,Bizkaia,2025,M08,18559.0,5176.0,2026-09-14T13:39:22.163107
48,Bizkaia,2025,M09,8355.0,3285.0,2026-09-14T13:39:22.163107
48,Bizkaia,2025,M10,6319.0,3016.0,2026-09-14T13:39:22.163107
48,Bizkaia,2025,M11,3046.0,1602.0,2026-09-14T13:39:22.163107
48,Bizkaia,2025,M12,4916.0,1911.0,2026-09-14T13:39:22.163107
48,Bizkaia,2026,M01,1811.0,950.0,2026-09-14T13:39:22.163107
48,Bizkaia,2026,M02,1800.0,953.0,2026-09-14T13:39:22.163107
48,Bizkaia,2026,M03,2630.0,1295.0,2026-09-14T13:39:22.163107
48,Bizkaia,2026,M04,5592.0,2358.0,2026-09-14T13:39:22.163107
48,Bizkaia,2026,M05,7594.0,2901.0,2026-09-14T13:39:22.163107
48,Bizkaia,2026,M06,8229.0,2984.0,2026-09-14T13:39:22.163107
48,Bizkaia,2026,M07,11630.0,3991.0,2026-09-14T13:39:22.163107
49,Zamora,2025,M01,2038.0,1036.0,2026-09-14T13:39:22.163107
49,Zamora,2025,M02,2645.0,2037.0,2026-09-14T13:39:22.163107
49,Zamora,2025,M03,5011.0,2716.0,2026-09-14T13:39:22.163107
49,Zamora,2025,M04,10632.0,5007.0,2026-09-14T13:39:22.163107
49,Zamora,2025,M05,9831.0,5147.0,2026-09-14T13:39:22.163107
49,Zamora,2025,M06,8051.0,3496.0,2026-09-14T13:39:22.163107
49,Zamora,2025,M07,15806.0,7594.0,2026-09-14T13:39:22.163107
49,Zamora,2025,M08,20327.0,6817.0,2026-09-14T13:39:22.163107
49,Zamora,2025,M09,8877.0,4297.0,2026-09-14T13:39:22.163107
49,Zamora,2025,M10,6821.0,3670.0,2026-09-14T13:39:22.163107
49,Zamora,2025,M11,4805.0,2623.0,2026-09-14T13:39:22.163107
49,Zamora,2025,M12,9507.0,3992.0,2026-09-14T13:39:22.163107
49,Zamora,2026,M01,4056.0,2173.0,2026-09-14T13:39:22.163107
49,Zamora,2026,M02,4387.0,2166.0,2026-09-14T13:39:22.163107
49,Zamora,2026,M03,7947.0,3308.0,2026-09-14T13:39:22.163107
49,Zamora,2026,M04,11632.0,5493.0,2026-09-14T13:39:22.163107
49,Zamora,2026,M05,11316.0,6033.0,2026-09-14T13:39:22.163107
49,Zamora,2026,M06,9441.0,4502.0,2026-09-14T13:39:22.163107
49,Zamora,2026,M07,14374.0,8169.0,2026-09-14T13:39:22.163107
50,Zaragoza,2025,M01,2913.0,1228.0,2026-09-14T13:39:22.163107
50,Zaragoza,2025,M02,3522.0,1856.0,2026-09-14T13:39:22.163107
50,Zaragoza,2025,M03,4376.0,2087.0,2026-09-14T13:39:22.163107
50,Zaragoza,2025,M04,6618.0,2917.0,2026-09-14T13:39:22.163107
50,Zaragoza,2025,M05,7327.0,3546.0,2026-09-14T13:39:22.163107
50,Zaragoza,2025,M06,7414.0,2883.0,2026-09-14T13:39:22.163107
50,Zaragoza,2025,M07,9144.0,3439.0,2026-09-14T13:39:22.163107
50,Zaragoza,2025,M08,11667.0,4019.0,2026-09-14T13:39:22.163107
50,Zaragoza,2025,M09,7521.0,2895.0,2026-09-14T13:39:22.163107
50,Zaragoza,2025,M10,8343.0,3654.0,2026-09-14T13:39:22.163107
50,Zaragoza,2025,M11,8123.0,3361.0,2026-09-14T13:39:22.163107
50,Zaragoza,2025,M12,9109.0,3018.0,2026-09-14T13:39:22.163107
50,Zaragoza,2026,M01,3097.0,1157.0,2026-09-14T13:39:22.163107
50,Zaragoza,2026,M02,2725.0,1301.0,2026-09-14T13:39:22.163107
50,Zaragoza,2026,M03,6995.0,2294.0,2026-09-14T13:39:22.163107
50,Zaragoza,2026,M04,10543.0,3392.0,2026-09-14T13:39:22.163107
50,Zaragoza,2026,M05,6254.0,3034.0,2026-09-14T13:39:22.163107
50,Zaragoza,2026,M06,5964.0,2707.0,2026-09-14T13:39:22.163107
50,Zaragoza,2026,M07,5685.0,2368.0,2026-09-14T13:39:22.163107
