COD_PROV,PROVINCIA,Anyo,Periodo,establecimientos_abiertos,grado_ocupacion_finsemana,grado_ocupacion_habitaciones,grado_ocupacion_plazas,plazas_estimadas,_meta.fecha_extraccion
01,Araba/Álava,2024,M08,96.0,50.97,55.95,49.15,1003.0,2026-09-14T13:39:21.195883
01,Araba/Álava,2024,M09,100.0,53.28,30.5,26.29,1045.0,2026-09-14T13:39:21.195883
01,Araba/Álava,2024,M10,98.0,56.76,29.79,26.26,1023.0,2026-09-14T13:39:21.195883
01,Araba/Álava,2024,M11,96.0,45.72,26.34,22.21,1018.0,2026-09-14T13:39:21.195883
01,Araba/Álava,2024,M12,96.0,35.27,25.78,22.57,985.0,2026-09-14T13:39:21.195883
01,Araba/Álava,2025,M01,80.0,21.06,10.75,8.38,783.0,2026-09-14T13:39:21.195883
01,Araba/Álava,2025,M02,76.0,24.16,10.77,9.45,768.0,2026-09-14T13:39:21.195883
01,Araba/Álava,2025,M03,90.0,36.29,17.58,14.68,934.0,2026-09-14T13:39:21.195883
01,Araba/Álava,2025,M04,99.0,48.27,27.68,23.64,1035.0,2026-09-14T13:39:21.195883
01,Araba/Álava,2025,M05,101.0,51.72,29.7,25.9,1054.0,2026-09-14T13:39:21.195883
01,Araba/Álava,2025,M06,96.0,57.13,29.45,24.41,1006.0,2026-09-14T13:39:21.195883
01,Araba/Álava,2025,M07,99.0,56.72,38.64,32.41,1045.0,2026-09-14T13:39:21.195883
01,Araba/Álava,2025,M08,99.0,48.26,58.06,50.33,1020.0,2026-09-14T13:39:21.195883
01,Araba/Álava,2025,M09,99.0,55.3,29.3,24.37,1038.0,2026-09-14T13:39:21.195883
01,Araba/Álava,2025,M10,101.0,53.47,26.75,22.83,1060.0,2026-09-14T13:39:21.195883
01,Araba/Álava,2025,M11,99.0,44.09,19.79,18.0,1066.0,2026-09-14T13:39:21.195883
01,Araba/Álava,2025,M12,92.0,29.02,24.48,21.9,1013.0,2026-09-14T13:39:21.195883
01,Araba/Álava,2026,M01,74.0,23.29,21.13,15.73,763.0,2026-09-14T13:39:21.195883
01,Araba/Álava,2026,M02,86.0,27.37,19.09,13.5,913.0,2026-09-14T13:39:21.195883
01,Araba/Álava,2026,M03,92.0,39.33,20.43,15.94,969.0,2026-09-14T13:39:21.195883
01,Araba/Álava,2026,M04,102.0,56.44,28.01,25.36,1114.0,2026-09-14T13:39:21.195883
01,Araba/Álava,2026,M05,104.0,56.0,30.11,24.36,1117.0,2026-09-14T13:39:21.195883
01,Araba/Álava,2026,M06,101.0,53.21,24.11,20.57,1103.0,2026-09-14T13:39:21.195883
01,Araba/Álava,2026,M07,101.0,52.5,36.84,30.04,1090.0,2026-09-14T13:39:21.195883
02,Albacete,2024,M08,663.0,49.44,43.41,35.81,4678.0,2026-09-14T13:39:21.195883
02,Albacete,2024,M09,662.0,31.35,17.62,12.1,4676.0,2026-09-14T13:39:21.195883
02,Albacete,2024,M10,688.0,29.46,15.49,10.23,4975.0,2026-09-14T13:39:21.195883
02,Albacete,2024,M11,683.0,25.32,15.13,10.39,4949.0,2026-09-14T13:39:21.195883
02,Albacete,2024,M12,665.0,30.13,24.34,17.28,4858.0,2026-09-14T13:39:21.195883
02,Albacete,2025,M01,553.0,15.96,13.25,7.13,4063.0,2026-09-14T13:39:21.195883
02,Albacete,2025,M02,602.0,29.02,16.9,10.91,4375.0,2026-09-14T13:39:21.195883
02,Albacete,2025,M03,579.0,30.26,17.04,11.37,4176.0,2026-09-14T13:39:21.195883
02,Albacete,2025,M04,683.0,44.57,24.31,17.85,5150.0,2026-09-14T13:39:21.195883
02,Albacete,2025,M05,735.0,30.63,19.97,13.79,5431.0,2026-09-14T13:39:21.195883
02,Albacete,2025,M06,732.0,40.7,20.19,15.06,5355.0,2026-09-14T13:39:21.195883
02,Albacete,2025,M07,713.0,49.53,29.6,21.44,5162.0,2026-09-14T13:39:21.195883
02,Albacete,2025,M08,744.0,51.68,48.16,35.66,5364.0,2026-09-14T13:39:21.195883
02,Albacete,2025,M09,706.0,38.87,23.29,16.25,5298.0,2026-09-14T13:39:21.195883
02,Albacete,2025,M10,696.0,41.24,25.2,15.85,5179.0,2026-09-14T13:39:21.195883
02,Albacete,2025,M11,704.0,37.7,19.0,13.84,5327.0,2026-09-14T13:39:21.195883
02,Albacete,2025,M12,642.0,34.59,24.97,20.52,4910.0,2026-09-14T13:39:21.195883
02,Albacete,2026,M01,617.0,20.95,18.01,11.61,4689.0,2026-09-14T13:39:21.195883
02,Albacete,2026,M02,598.0,29.32,19.36,12.86,4457.0,2026-09-14T13:39:21.195883
02,Albacete,2026,M03,633.0,33.87,19.02,14.01,4866.0,2026-09-14T13:39:21.195883
02,Albacete,2026,M04,686.0,43.23,25.8,18.43,5342.0,2026-09-14T13:39:21.195883
02,Albacete,2026,M05,665.0,33.48,21.82,15.41,5111.0,2026-09-14T13:39:21.195883
02,Albacete,2026,M06,751.0,36.24,22.24,15.33,5805.0,2026-09-14T13:39:21.195883
02,Albacete,2026,M07,756.0,49.72,31.9,24.64,5686.0,2026-09-14T13:39:21.195883
03,Alicante/Alacant,2024,M08,172.0,43.74,47.92,38.87,1785.0,2026-09-14T13:39:21.195883
03,Alicante/Alacant,2024,M09,186.0,35.89,23.5,18.59,1900.0,2026-09-14T13:39:21.195883
03,Alicante/Alacant,2024,M10,197.0,34.53,24.78,17.9,2085.0,2026-09-14T13:39:21.195883
03,Alicante/Alacant,2024,M11,187.0,23.75,16.35,12.25,1951.0,2026-09-14T13:39:21.195883
03,Alicante/Alacant,2024,M12,174.0,27.23,22.59,17.08,1830.0,2026-09-14T13:39:21.195883
03,Alicante/Alacant,2025,M01,123.0,20.29,10.14,8.57,1158.0,2026-09-14T13:39:21.195883
03,Alicante/Alacant,2025,M02,148.0,31.07,13.47,11.91,1330.0,2026-09-14T13:39:21.195883
03,Alicante/Alacant,2025,M03,156.0,29.48,14.99,12.29,1454.0,2026-09-14T13:39:21.195883
03,Alicante/Alacant,2025,M04,165.0,40.15,23.85,18.81,1554.0,2026-09-14T13:39:21.195883
03,Alicante/Alacant,2025,M05,179.0,31.84,19.76,16.34,1600.0,2026-09-14T13:39:21.195883
03,Alicante/Alacant,2025,M06,184.0,38.49,23.55,18.23,1756.0,2026-09-14T13:39:21.195883
03,Alicante/Alacant,2025,M07,184.0,47.45,37.63,29.68,1801.0,2026-09-14T13:39:21.195883
03,Alicante/Alacant,2025,M08,189.0,51.11,51.97,41.54,1672.0,2026-09-14T13:39:21.195883
03,Alicante/Alacant,2025,M09,182.0,40.16,24.99,20.26,1617.0,2026-09-14T13:39:21.195883
03,Alicante/Alacant,2025,M10,186.0,32.16,18.24,13.92,1641.0,2026-09-14T13:39:21.195883
03,Alicante/Alacant,2025,M11,178.0,32.28,16.86,13.3,1571.0,2026-09-14T13:39:21.195883
03,Alicante/Alacant,2025,M12,178.0,25.57,19.6,13.36,1771.0,2026-09-14T13:39:21.195883
03,Alicante/Alacant,2026,M01,158.0,17.98,10.93,8.82,1503.0,2026-09-14T13:39:21.195883
03,Alicante/Alacant,2026,M02,157.0,28.32,19.43,11.73,1486.0,2026-09-14T13:39:21.195883
03,Alicante/Alacant,2026,M03,172.0,28.5,16.74,12.09,1660.0,2026-09-14T13:39:21.195883
03,Alicante/Alacant,2026,M04,175.0,43.31,26.45,20.18,1582.0,2026-09-14T13:39:21.195883
03,Alicante/Alacant,2026,M05,176.0,31.79,23.89,16.35,1816.0,2026-09-14T13:39:21.195883
03,Alicante/Alacant,2026,M06,175.0,41.31,27.58,20.06,1602.0,2026-09-14T13:39:21.195883
03,Alicante/Alacant,2026,M07,180.0,41.02,36.86,25.95,1869.0,2026-09-14T13:39:21.195883
04,Almería,2024,M08,161.0,44.78,54.36,46.39,1521.0,2026-09-14T13:39:21.195883
04,Almería,2024,M09,159.0,30.42,30.2,24.14,1518.0,2026-09-14T13:39:21.195883
04,Almería,2024,M10,141.0,19.5,17.45,13.87,1320.0,2026-09-14T13:39:21.195883
04,Almería,2024,M11,132.0,17.0,11.64,9.32,1197.0,2026-09-14T13:39:21.195883
04,Almería,2024,M12,123.0,21.32,17.24,13.71,1140.0,2026-09-14T13:39:21.195883
04,Almería,2025,M01,139.0,7.38,5.71,4.12,1023.0,2026-09-14T13:39:21.195883
04,Almería,2025,M02,144.0,18.96,13.08,10.14,1174.0,2026-09-14T13:39:21.195883
04,Almería,2025,M03,149.0,12.65,10.57,7.29,1187.0,2026-09-14T13:39:21.195883
04,Almería,2025,M04,143.0,20.51,17.9,14.64,1190.0,2026-09-14T13:39:21.195883
04,Almería,2025,M05,141.0,16.08,12.02,10.37,1151.0,2026-09-14T13:39:21.195883
04,Almería,2025,M06,164.0,30.05,23.19,18.42,1413.0,2026-09-14T13:39:21.195883
04,Almería,2025,M07,166.0,36.93,30.15,24.98,1445.0,2026-09-14T13:39:21.195883
04,Almería,2025,M08,170.0,42.68,50.19,38.08,1481.0,2026-09-14T13:39:21.195883
04,Almería,2025,M09,153.0,22.65,19.59,15.67,1388.0,2026-09-14T13:39:21.195883
04,Almería,2025,M10,143.0,19.91,18.22,13.11,1293.0,2026-09-14T13:39:21.195883
04,Almería,2025,M11,143.0,22.14,13.95,10.9,1272.0,2026-09-14T13:39:21.195883
04,Almería,2025,M12,137.0,20.57,16.45,13.02,1208.0,2026-09-14T13:39:21.195883
04,Almería,2026,M01,140.0,14.4,13.38,8.84,1369.0,2026-09-14T13:39:21.195883
04,Almería,2026,M02,148.0,20.34,16.4,10.52,1467.0,2026-09-14T13:39:21.195883
04,Almería,2026,M03,151.0,18.83,17.91,11.45,1423.0,2026-09-14T13:39:21.195883
04,Almería,2026,M04,146.0,21.28,18.07,13.74,1414.0,2026-09-14T13:39:21.195883
04,Almería,2026,M05,146.0,19.51,25.16,15.18,1375.0,2026-09-14T13:39:21.195883
04,Almería,2026,M06,143.0,25.98,26.11,16.87,1334.0,2026-09-14T13:39:21.195883
04,Almería,2026,M07,121.0,31.75,38.03,27.77,1227.0,2026-09-14T13:39:21.195883
05,Ávila,2024,M08,702.0,44.56,37.1,28.27,5990.0,2026-09-14T13:39:21.195883
05,Ávila,2024,M09,690.0,39.77,17.29,13.45,5956.0,2026-09-14T13:39:21.195883
05,Ávila,2024,M10,706.0,35.95,19.96,12.77,5856.0,2026-09-14T13:39:21.195883
05,Ávila,2024,M11,713.0,33.35,19.69,12.86,5834.0,2026-09-14T13:39:21.195883
05,Ávila,2024,M12,693.0,31.28,22.66,16.35,5711.0,2026-09-14T13:39:21.195883
05,Ávila,2025,M01,706.0,18.78,13.35,9.13,5301.0,2026-09-14T13:39:21.195883
05,Ávila,2025,M02,718.0,26.97,15.47,11.44,5530.0,2026-09-14T13:39:21.195883
05,Ávila,2025,M03,728.0,29.83,15.19,12.19,5529.0,2026-09-14T13:39:21.195883
05,Ávila,2025,M04,734.0,36.76,20.79,18.04,5668.0,2026-09-14T13:39:21.195883
05,Ávila,2025,M05,748.0,34.3,19.55,15.66,5823.0,2026-09-14T13:39:21.195883
05,Ávila,2025,M06,744.0,45.5,19.58,16.37,5855.0,2026-09-14T13:39:21.195883
05,Ávila,2025,M07,707.0,53.33,31.79,24.52,5548.0,2026-09-14T13:39:21.195883
05,Ávila,2025,M08,741.0,43.74,40.54,33.06,5867.0,2026-09-14T13:39:21.195883
05,Ávila,2025,M09,732.0,40.88,18.21,15.15,5678.0,2026-09-14T13:39:21.195883
05,Ávila,2025,M10,728.0,35.71,17.57,14.25,5773.0,2026-09-14T13:39:21.195883
05,Ávila,2025,M11,752.0,32.38,14.67,11.91,5870.0,2026-09-14T13:39:21.195883
05,Ávila,2025,M12,722.0,31.51,20.26,16.94,5585.0,2026-09-14T13:39:21.195883
05,Ávila,2026,M01,654.0,16.01,9.38,7.79,5280.0,2026-09-14T13:39:21.195883
05,Ávila,2026,M02,659.0,27.48,13.05,10.67,5332.0,2026-09-14T13:39:21.195883
05,Ávila,2026,M03,661.0,30.89,12.05,10.06,5409.0,2026-09-14T13:39:21.195883
05,Ávila,2026,M04,660.0,37.17,18.14,14.8,5319.0,2026-09-14T13:39:21.195883
05,Ávila,2026,M05,671.0,34.33,19.24,14.27,5465.0,2026-09-14T13:39:21.195883
05,Ávila,2026,M06,662.0,38.96,16.36,13.06,5617.0,2026-09-14T13:39:21.195883
05,Ávila,2026,M07,628.0,45.01,24.58,18.78,5289.0,2026-09-14T13:39:21.195883
06,Badajoz,2024,M08,212.0,37.95,39.44,29.4,2452.0,2026-09-14T13:39:21.195883
06,Badajoz,2024,M09,220.0,31.3,25.53,15.63,2615.0,2026-09-14T13:39:21.195883
06,Badajoz,2024,M10,221.0,28.04,20.62,14.19,2546.0,2026-09-14T13:39:21.195883
06,Badajoz,2024,M11,225.0,27.14,20.72,14.65,2671.0,2026-09-14T13:39:21.195883
06,Badajoz,2024,M12,221.0,30.25,21.39,15.02,2610.0,2026-09-14T13:39:21.195883
06,Badajoz,2025,M01,205.0,13.84,9.79,7.56,2454.0,2026-09-14T13:39:21.195883
06,Badajoz,2025,M02,214.0,23.99,14.84,11.24,2690.0,2026-09-14T13:39:21.195883
06,Badajoz,2025,M03,221.0,24.44,15.66,11.74,2756.0,2026-09-14T13:39:21.195883
06,Badajoz,2025,M04,241.0,33.18,24.69,17.92,2935.0,2026-09-14T13:39:21.195883
06,Badajoz,2025,M05,239.0,25.64,26.07,15.74,2913.0,2026-09-14T13:39:21.195883
06,Badajoz,2025,M06,243.0,29.48,17.29,13.52,2953.0,2026-09-14T13:39:21.195883
06,Badajoz,2025,M07,239.0,32.21,25.04,17.83,2917.0,2026-09-14T13:39:21.195883
06,Badajoz,2025,M08,239.0,33.82,34.39,26.6,2925.0,2026-09-14T13:39:21.195883
06,Badajoz,2025,M09,236.0,33.05,21.02,16.42,2854.0,2026-09-14T13:39:21.195883
06,Badajoz,2025,M10,226.0,30.98,20.93,15.75,2704.0,2026-09-14T13:39:21.195883
06,Badajoz,2025,M11,251.0,24.71,16.88,12.11,3049.0,2026-09-14T13:39:21.195883
06,Badajoz,2025,M12,238.0,28.45,20.37,15.56,2888.0,2026-09-14T13:39:21.195883
06,Badajoz,2026,M01,228.0,16.59,13.89,9.85,2713.0,2026-09-14T13:39:21.195883
06,Badajoz,2026,M02,239.0,19.75,17.83,10.65,2822.0,2026-09-14T13:39:21.195883
06,Badajoz,2026,M03,242.0,22.84,14.86,10.85,2917.0,2026-09-14T13:39:21.195883
06,Badajoz,2026,M04,249.0,32.26,24.28,16.62,2937.0,2026-09-14T13:39:21.195883
06,Badajoz,2026,M05,255.0,25.17,19.42,13.73,3015.0,2026-09-14T13:39:21.195883
06,Badajoz,2026,M06,243.0,30.18,22.2,17.29,2918.0,2026-09-14T13:39:21.195883
06,Badajoz,2026,M07,244.0,31.09,25.63,18.11,2860.0,2026-09-14T13:39:21.195883
07,"Balears, Illes",2024,M08,579.0,62.3,75.36,68.81,12207.0,2026-09-14T13:39:21.195883
07,"Balears, Illes",2024,M09,573.0,63.31,72.32,64.6,12205.0,2026-09-14T13:39:21.195883
07,"Balears, Illes",2024,M10,517.0,55.36,58.55,52.02,10929.0,2026-09-14T13:39:21.195883
07,"Balears, Illes",2024,M11,201.0,36.98,37.7,32.79,3890.0,2026-09-14T13:39:21.195883
07,"Balears, Illes",2024,M12,155.0,40.08,37.34,32.53,3102.0,2026-09-14T13:39:21.195883
07,"Balears, Illes",2025,M01,94.0,31.21,38.37,29.32,1926.0,2026-09-14T13:39:21.195883
07,"Balears, Illes",2025,M02,129.0,42.46,49.42,41.95,2589.0,2026-09-14T13:39:21.195883
07,"Balears, Illes",2025,M03,280.0,44.7,46.52,40.37,5812.0,2026-09-14T13:39:21.195883
07,"Balears, Illes",2025,M04,437.0,52.42,55.39,50.28,9511.0,2026-09-14T13:39:21.195883
07,"Balears, Illes",2025,M05,545.0,49.87,57.09,49.53,11492.0,2026-09-14T13:39:21.195883
07,"Balears, Illes",2025,M06,564.0,65.6,70.96,62.28,12027.0,2026-09-14T13:39:21.195883
07,"Balears, Illes",2025,M07,582.0,65.09,72.66,65.52,12200.0,2026-09-14T13:39:21.195883
07,"Balears, Illes",2025,M08,575.0,67.36,78.14,71.31,12207.0,2026-09-14T13:39:21.195883
07,"Balears, Illes",2025,M09,579.0,67.72,74.12,65.9,12195.0,2026-09-14T13:39:21.195883
07,"Balears, Illes",2025,M10,506.0,52.53,60.68,51.38,10519.0,2026-09-14T13:39:21.195883
07,"Balears, Illes",2025,M11,175.0,39.91,46.44,38.22,3471.0,2026-09-14T13:39:21.195883
07,"Balears, Illes",2025,M12,157.0,38.22,41.41,35.23,2851.0,2026-09-14T13:39:21.195883
07,"Balears, Illes",2026,M01,115.0,23.08,36.76,28.81,2059.0,2026-09-14T13:39:21.195883
07,"Balears, Illes",2026,M02,132.0,42.63,48.52,40.56,2359.0,2026-09-14T13:39:21.195883
07,"Balears, Illes",2026,M03,275.0,38.07,47.39,37.78,5848.0,2026-09-14T13:39:21.195883
07,"Balears, Illes",2026,M04,437.0,51.16,57.17,48.7,9416.0,2026-09-14T13:39:21.195883
07,"Balears, Illes",2026,M05,566.0,51.0,62.53,53.28,11969.0,2026-09-14T13:39:21.195883
07,"Balears, Illes",2026,M06,581.0,67.9,75.67,67.29,12319.0,2026-09-14T13:39:21.195883
07,"Balears, Illes",2026,M07,572.0,67.38,76.45,69.02,12224.0,2026-09-14T13:39:21.195883
08,Barcelona,2024,M08,567.0,50.29,59.99,47.69,5075.0,2026-09-14T13:39:21.195883
08,Barcelona,2024,M09,577.0,55.61,26.85,21.85,5288.0,2026-09-14T13:39:21.195883
08,Barcelona,2024,M10,558.0,60.71,28.08,20.93,5110.0,2026-09-14T13:39:21.195883
08,Barcelona,2024,M11,539.0,47.5,23.23,17.79,4944.0,2026-09-14T13:39:21.195883
08,Barcelona,2024,M12,528.0,44.11,29.91,24.51,4811.0,2026-09-14T13:39:21.195883
08,Barcelona,2025,M01,377.0,31.07,15.3,11.73,3400.0,2026-09-14T13:39:21.195883
08,Barcelona,2025,M02,365.0,38.45,23.59,14.87,3434.0,2026-09-14T13:39:21.195883
08,Barcelona,2025,M03,460.0,43.3,23.03,17.56,4157.0,2026-09-14T13:39:21.195883
08,Barcelona,2025,M04,529.0,43.84,29.1,21.7,4788.0,2026-09-14T13:39:21.195883
08,Barcelona,2025,M05,518.0,53.06,34.85,25.3,4679.0,2026-09-14T13:39:21.195883
08,Barcelona,2025,M06,562.0,52.44,36.38,25.92,5037.0,2026-09-14T13:39:21.195883
08,Barcelona,2025,M07,554.0,54.9,45.44,36.37,4943.0,2026-09-14T13:39:21.195883
08,Barcelona,2025,M08,526.0,51.4,64.46,48.04,4775.0,2026-09-14T13:39:21.195883
08,Barcelona,2025,M09,542.0,55.0,32.79,24.73,4880.0,2026-09-14T13:39:21.195883
08,Barcelona,2025,M10,500.0,57.74,32.18,22.95,4568.0,2026-09-14T13:39:21.195883
08,Barcelona,2025,M11,525.0,48.18,25.89,18.91,4797.0,2026-09-14T13:39:21.195883
08,Barcelona,2025,M12,542.0,41.69,30.58,23.63,4802.0,2026-09-14T13:39:21.195883
08,Barcelona,2026,M01,524.0,32.59,20.11,14.42,4870.0,2026-09-14T13:39:21.195883
08,Barcelona,2026,M02,533.0,42.93,20.12,14.39,4885.0,2026-09-14T13:39:21.195883
08,Barcelona,2026,M03,528.0,50.04,22.63,16.62,4731.0,2026-09-14T13:39:21.195883
08,Barcelona,2026,M04,581.0,49.45,27.39,20.62,5286.0,2026-09-14T13:39:21.195883
08,Barcelona,2026,M05,581.0,53.25,35.03,24.32,5347.0,2026-09-14T13:39:21.195883
08,Barcelona,2026,M06,533.0,66.71,30.82,24.38,4817.0,2026-09-14T13:39:21.195883
08,Barcelona,2026,M07,533.0,58.49,50.42,42.87,4674.0,2026-09-14T13:39:21.195883
09,Burgos,2024,M08,432.0,43.43,47.32,37.14,4730.0,2026-09-14T13:39:21.195883
09,Burgos,2024,M09,416.0,43.84,26.87,20.98,4576.0,2026-09-14T13:39:21.195883
09,Burgos,2024,M10,410.0,43.79,25.6,21.78,4498.0,2026-09-14T13:39:21.195883
09,Burgos,2024,M11,413.0,40.71,20.32,16.57,4415.0,2026-09-14T13:39:21.195883
09,Burgos,2024,M12,376.0,43.18,25.38,21.35,4037.0,2026-09-14T13:39:21.195883
09,Burgos,2025,M01,285.0,14.34,9.28,8.04,2883.0,2026-09-14T13:39:21.195883
09,Burgos,2025,M02,319.0,25.96,12.87,10.13,3304.0,2026-09-14T13:39:21.195883
09,Burgos,2025,M03,343.0,32.47,19.43,14.85,3558.0,2026-09-14T13:39:21.195883
09,Burgos,2025,M04,360.0,43.82,28.23,21.48,4029.0,2026-09-14T13:39:21.195883
09,Burgos,2025,M05,388.0,43.33,29.17,22.22,4278.0,2026-09-14T13:39:21.195883
09,Burgos,2025,M06,384.0,39.73,24.69,18.54,4207.0,2026-09-14T13:39:21.195883
09,Burgos,2025,M07,407.0,40.92,37.15,26.77,4341.0,2026-09-14T13:39:21.195883
09,Burgos,2025,M08,409.0,40.8,48.59,38.04,4363.0,2026-09-14T13:39:21.195883
09,Burgos,2025,M09,363.0,39.86,29.13,22.78,3935.0,2026-09-14T13:39:21.195883
09,Burgos,2025,M10,376.0,43.46,30.87,21.08,3986.0,2026-09-14T13:39:21.195883
09,Burgos,2025,M11,369.0,39.03,24.11,18.34,3891.0,2026-09-14T13:39:21.195883
09,Burgos,2025,M12,379.0,38.62,24.35,19.32,3933.0,2026-09-14T13:39:21.195883
09,Burgos,2026,M01,290.0,16.62,13.71,8.92,2889.0,2026-09-14T13:39:21.195883
09,Burgos,2026,M02,361.0,29.74,16.61,10.86,3848.0,2026-09-14T13:39:21.195883
09,Burgos,2026,M03,365.0,28.43,15.8,11.06,3958.0,2026-09-14T13:39:21.195883
09,Burgos,2026,M04,381.0,48.02,32.29,23.05,4191.0,2026-09-14T13:39:21.195883
09,Burgos,2026,M05,400.0,41.89,31.28,23.38,4350.0,2026-09-14T13:39:21.195883
09,Burgos,2026,M06,419.0,33.44,20.52,14.52,4606.0,2026-09-14T13:39:21.195883
09,Burgos,2026,M07,403.0,40.75,38.29,26.98,4439.0,2026-09-14T13:39:21.195883
10,Cáceres,2024,M08,675.0,41.4,39.67,32.35,7826.0,2026-09-14T13:39:21.195883
10,Cáceres,2024,M09,681.0,28.42,20.37,14.86,7683.0,2026-09-14T13:39:21.195883
10,Cáceres,2024,M10,659.0,25.87,17.83,11.64,7551.0,2026-09-14T13:39:21.195883
10,Cáceres,2024,M11,669.0,23.56,17.1,11.83,7567.0,2026-09-14T13:39:21.195883
10,Cáceres,2024,M12,631.0,25.95,18.41,13.68,7216.0,2026-09-14T13:39:21.195883
10,Cáceres,2025,M01,579.0,15.15,12.86,7.33,6552.0,2026-09-14T13:39:21.195883
10,Cáceres,2025,M02,605.0,30.81,17.91,12.88,6942.0,2026-09-14T13:39:21.195883
10,Cáceres,2025,M03,670.0,30.52,19.11,13.87,7676.0,2026-09-14T13:39:21.195883
10,Cáceres,2025,M04,693.0,38.71,33.45,24.94,8013.0,2026-09-14T13:39:21.195883
10,Cáceres,2025,M05,678.0,29.71,24.79,17.63,7913.0,2026-09-14T13:39:21.195883
10,Cáceres,2025,M06,675.0,36.07,28.48,19.0,7792.0,2026-09-14T13:39:21.195883
10,Cáceres,2025,M07,680.0,43.02,37.74,27.19,7886.0,2026-09-14T13:39:21.195883
10,Cáceres,2025,M08,645.0,42.33,45.63,34.94,7556.0,2026-09-14T13:39:21.195883
10,Cáceres,2025,M09,654.0,33.24,25.33,17.87,7547.0,2026-09-14T13:39:21.195883
10,Cáceres,2025,M10,675.0,27.61,20.34,13.77,7680.0,2026-09-14T13:39:21.195883
10,Cáceres,2025,M11,668.0,26.24,18.43,12.55,7458.0,2026-09-14T13:39:21.195883
10,Cáceres,2025,M12,656.0,26.62,19.52,14.4,7205.0,2026-09-14T13:39:21.195883
10,Cáceres,2026,M01,637.0,15.47,13.27,8.56,6701.0,2026-09-14T13:39:21.195883
10,Cáceres,2026,M02,642.0,21.57,14.4,10.04,6842.0,2026-09-14T13:39:21.195883
10,Cáceres,2026,M03,667.0,30.63,20.83,15.66,7289.0,2026-09-14T13:39:21.195883
10,Cáceres,2026,M04,707.0,37.1,29.64,22.55,7747.0,2026-09-14T13:39:21.195883
10,Cáceres,2026,M05,703.0,34.3,23.68,18.45,7700.0,2026-09-14T13:39:21.195883
10,Cáceres,2026,M06,719.0,32.95,23.47,17.22,7834.0,2026-09-14T13:39:21.195883
10,Cáceres,2026,M07,697.0,39.16,30.9,25.63,7805.0,2026-09-14T13:39:21.195883
11,Cádiz,2024,M08,90.0,42.8,56.49,36.53,1190.0,2026-09-14T13:39:21.195883
11,Cádiz,2024,M09,100.0,36.47,26.31,19.14,1329.0,2026-09-14T13:39:21.195883
11,Cádiz,2024,M10,98.0,31.2,20.37,15.66,1275.0,2026-09-14T13:39:21.195883
11,Cádiz,2024,M11,91.0,32.14,20.81,15.21,1194.0,2026-09-14T13:39:21.195883
11,Cádiz,2024,M12,84.0,25.45,18.37,13.96,1066.0,2026-09-14T13:39:21.195883
11,Cádiz,2025,M01,93.0,20.42,12.63,9.52,1128.0,2026-09-14T13:39:21.195883
11,Cádiz,2025,M02,98.0,28.64,14.98,12.59,1201.0,2026-09-14T13:39:21.195883
11,Cádiz,2025,M03,100.0,21.98,15.68,12.07,1258.0,2026-09-14T13:39:21.195883
11,Cádiz,2025,M04,103.0,41.87,31.5,24.08,1257.0,2026-09-14T13:39:21.195883
11,Cádiz,2025,M05,100.0,38.1,26.59,21.28,1279.0,2026-09-14T13:39:21.195883
11,Cádiz,2025,M06,102.0,38.19,25.36,20.68,1281.0,2026-09-14T13:39:21.195883
11,Cádiz,2025,M07,96.0,45.11,35.75,27.99,1223.0,2026-09-14T13:39:21.195883
11,Cádiz,2025,M08,98.0,49.19,55.51,42.11,1249.0,2026-09-14T13:39:21.195883
11,Cádiz,2025,M09,99.0,41.67,29.53,23.86,1280.0,2026-09-14T13:39:21.195883
11,Cádiz,2025,M10,98.0,37.16,22.58,19.09,1270.0,2026-09-14T13:39:21.195883
11,Cádiz,2025,M11,93.0,35.31,21.0,15.72,1205.0,2026-09-14T13:39:21.195883
11,Cádiz,2025,M12,88.0,23.98,16.38,13.76,1177.0,2026-09-14T13:39:21.195883
11,Cádiz,2026,M01,81.0,21.88,15.24,12.17,1084.0,2026-09-14T13:39:21.195883
11,Cádiz,2026,M02,86.0,32.21,20.97,17.77,1180.0,2026-09-14T13:39:21.195883
11,Cádiz,2026,M03,101.0,33.63,26.38,19.21,1283.0,2026-09-14T13:39:21.195883
11,Cádiz,2026,M04,106.0,43.35,34.54,25.84,1334.0,2026-09-14T13:39:21.195883
11,Cádiz,2026,M05,102.0,38.2,32.34,26.39,1319.0,2026-09-14T13:39:21.195883
11,Cádiz,2026,M06,106.0,40.51,32.91,24.62,1364.0,2026-09-14T13:39:21.195883
11,Cádiz,2026,M07,91.0,43.25,36.3,29.65,1213.0,2026-09-14T13:39:21.195883
12,Castellón/Castelló,2024,M08,316.0,40.17,52.32,36.56,2472.0,2026-09-14T13:39:21.195883
12,Castellón/Castelló,2024,M09,319.0,33.67,21.52,14.91,2512.0,2026-09-14T13:39:21.195883
12,Castellón/Castelló,2024,M10,315.0,26.91,15.87,10.79,2395.0,2026-09-14T13:39:21.195883
12,Castellón/Castelló,2024,M11,289.0,20.87,13.61,9.53,2195.0,2026-09-14T13:39:21.195883
12,Castellón/Castelló,2024,M12,287.0,32.2,23.49,17.14,2171.0,2026-09-14T13:39:21.195883
12,Castellón/Castelló,2025,M01,339.0,20.53,19.6,10.05,2584.0,2026-09-14T13:39:21.195883
12,Castellón/Castelló,2025,M02,345.0,28.09,23.07,12.51,2626.0,2026-09-14T13:39:21.195883
12,Castellón/Castelló,2025,M03,345.0,21.62,19.97,10.61,2654.0,2026-09-14T13:39:21.195883
12,Castellón/Castelló,2025,M04,355.0,29.96,23.81,14.17,2729.0,2026-09-14T13:39:21.195883
12,Castellón/Castelló,2025,M05,361.0,23.36,18.47,11.06,2819.0,2026-09-14T13:39:21.195883
12,Castellón/Castelló,2025,M06,337.0,23.18,17.88,10.62,2716.0,2026-09-14T13:39:21.195883
12,Castellón/Castelló,2025,M07,359.0,24.78,27.72,16.19,2799.0,2026-09-14T13:39:21.195883
12,Castellón/Castelló,2025,M08,365.0,29.37,41.26,24.4,2878.0,2026-09-14T13:39:21.195883
12,Castellón/Castelló,2025,M09,359.0,24.68,18.56,11.13,2796.0,2026-09-14T13:39:21.195883
12,Castellón/Castelló,2025,M10,350.0,30.91,20.58,13.35,2734.0,2026-09-14T13:39:21.195883
12,Castellón/Castelló,2025,M11,372.0,23.15,19.51,9.69,2955.0,2026-09-14T13:39:21.195883
12,Castellón/Castelló,2025,M12,364.0,28.09,24.13,15.25,2850.0,2026-09-14T13:39:21.195883
12,Castellón/Castelló,2026,M01,389.0,17.78,14.36,9.36,3046.0,2026-09-14T13:39:21.195883
12,Castellón/Castelló,2026,M02,371.0,25.78,15.97,9.92,2908.0,2026-09-14T13:39:21.195883
12,Castellón/Castelló,2026,M03,387.0,16.79,15.65,7.79,2990.0,2026-09-14T13:39:21.195883
12,Castellón/Castelló,2026,M04,390.0,25.63,17.29,11.93,3064.0,2026-09-14T13:39:21.195883
12,Castellón/Castelló,2026,M05,387.0,25.6,18.89,11.61,3071.0,2026-09-14T13:39:21.195883
12,Castellón/Castelló,2026,M06,392.0,21.38,14.69,8.21,3052.0,2026-09-14T13:39:21.195883
12,Castellón/Castelló,2026,M07,390.0,25.41,28.21,16.46,3090.0,2026-09-14T13:39:21.195883
13,Ciudad Real,2024,M08,169.0,30.32,29.65,20.63,1816.0,2026-09-14T13:39:21.195883
13,Ciudad Real,2024,M09,168.0,26.0,11.82,9.54,1875.0,2026-09-14T13:39:21.195883
13,Ciudad Real,2024,M10,199.0,25.67,10.18,8.46,2138.0,2026-09-14T13:39:21.195883
13,Ciudad Real,2024,M11,202.0,27.01,12.91,10.02,2248.0,2026-09-14T13:39:21.195883
13,Ciudad Real,2024,M12,187.0,27.39,20.73,13.61,2070.0,2026-09-14T13:39:21.195883
13,Ciudad Real,2025,M01,215.0,13.78,10.09,5.39,2400.0,2026-09-14T13:39:21.195883
13,Ciudad Real,2025,M02,233.0,23.86,14.8,9.63,2616.0,2026-09-14T13:39:21.195883
13,Ciudad Real,2025,M03,235.0,31.64,13.99,11.66,2603.0,2026-09-14T13:39:21.195883
13,Ciudad Real,2025,M04,225.0,35.25,16.73,15.43,2504.0,2026-09-14T13:39:21.195883
13,Ciudad Real,2025,M05,220.0,27.89,16.82,14.19,2485.0,2026-09-14T13:39:21.195883
13,Ciudad Real,2025,M06,226.0,39.24,17.05,14.08,2359.0,2026-09-14T13:39:21.195883
13,Ciudad Real,2025,M07,209.0,46.01,24.3,19.47,2215.0,2026-09-14T13:39:21.195883
13,Ciudad Real,2025,M08,207.0,39.64,28.86,24.94,2293.0,2026-09-14T13:39:21.195883
13,Ciudad Real,2025,M09,214.0,37.39,21.81,17.73,2277.0,2026-09-14T13:39:21.195883
13,Ciudad Real,2025,M10,218.0,35.31,19.27,15.57,2300.0,2026-09-14T13:39:21.195883
13,Ciudad Real,2025,M11,221.0,29.96,19.66,14.24,2332.0,2026-09-14T13:39:21.195883
13,Ciudad Real,2025,M12,208.0,28.14,20.95,16.81,2173.0,2026-09-14T13:39:21.195883
13,Ciudad Real,2026,M01,207.0,12.08,10.45,6.2,2167.0,2026-09-14T13:39:21.195883
13,Ciudad Real,2026,M02,192.0,17.05,12.7,7.53,2030.0,2026-09-14T13:39:21.195883
13,Ciudad Real,2026,M03,193.0,24.86,11.42,8.78,2002.0,2026-09-14T13:39:21.195883
13,Ciudad Real,2026,M04,205.0,25.64,19.99,12.74,2129.0,2026-09-14T13:39:21.195883
13,Ciudad Real,2026,M05,182.0,26.51,19.13,14.54,1930.0,2026-09-14T13:39:21.195883
13,Ciudad Real,2026,M06,184.0,34.23,18.28,12.98,1962.0,2026-09-14T13:39:21.195883
13,Ciudad Real,2026,M07,174.0,36.48,21.87,15.43,1956.0,2026-09-14T13:39:21.195883
14,Córdoba,2024,M08,203.0,33.45,36.54,26.22,2237.0,2026-09-14T13:39:21.195883
14,Córdoba,2024,M09,192.0,23.41,12.58,8.47,2094.0,2026-09-14T13:39:21.195883
14,Córdoba,2024,M10,200.0,22.77,9.43,7.3,2271.0,2026-09-14T13:39:21.195883
14,Córdoba,2024,M11,187.0,23.15,14.79,9.08,2143.0,2026-09-14T13:39:21.195883
14,Córdoba,2024,M12,189.0,25.32,16.6,13.81,2195.0,2026-09-14T13:39:21.195883
14,Córdoba,2025,M01,216.0,10.08,6.35,3.79,2208.0,2026-09-14T13:39:21.195883
14,Córdoba,2025,M02,244.0,17.33,6.85,6.18,2489.0,2026-09-14T13:39:21.195883
14,Córdoba,2025,M03,244.0,17.16,6.63,5.54,2527.0,2026-09-14T13:39:21.195883
14,Córdoba,2025,M04,254.0,24.05,17.86,13.18,2588.0,2026-09-14T13:39:21.195883
14,Córdoba,2025,M05,239.0,21.94,19.83,11.97,2494.0,2026-09-14T13:39:21.195883
14,Córdoba,2025,M06,207.0,23.05,17.11,11.74,2035.0,2026-09-14T13:39:21.195883
14,Córdoba,2025,M07,210.0,31.12,29.42,18.56,2053.0,2026-09-14T13:39:21.195883
14,Córdoba,2025,M08,223.0,32.24,36.42,22.1,2215.0,2026-09-14T13:39:21.195883
14,Córdoba,2025,M09,230.0,24.32,15.45,10.16,2224.0,2026-09-14T13:39:21.195883
14,Córdoba,2025,M10,216.0,23.38,14.08,10.66,2128.0,2026-09-14T13:39:21.195883
14,Córdoba,2025,M11,233.0,26.52,11.05,8.92,2383.0,2026-09-14T13:39:21.195883
14,Córdoba,2025,M12,230.0,23.52,15.86,13.64,2255.0,2026-09-14T13:39:21.195883
14,Córdoba,2026,M01,209.0,8.46,6.5,4.22,2169.0,2026-09-14T13:39:21.195883
14,Córdoba,2026,M02,199.0,19.21,9.78,7.78,2096.0,2026-09-14T13:39:21.195883
14,Córdoba,2026,M03,210.0,22.97,12.62,9.01,2164.0,2026-09-14T13:39:21.195883
14,Córdoba,2026,M04,227.0,27.3,19.07,15.21,2244.0,2026-09-14T13:39:21.195883
14,Córdoba,2026,M05,231.0,22.69,19.35,12.21,2333.0,2026-09-14T13:39:21.195883
14,Córdoba,2026,M06,223.0,26.18,22.36,12.83,2286.0,2026-09-14T13:39:21.195883
14,Córdoba,2026,M07,144.0,29.76,24.06,15.2,1430.0,2026-09-14T13:39:21.195883
15,A Coruña,2024,M08,139.0,53.06,66.98,58.39,1893.0,2026-09-14T13:39:21.195883
15,A Coruña,2024,M09,130.0,45.1,43.36,35.66,1735.0,2026-09-14T13:39:21.195883
15,A Coruña,2024,M10,108.0,29.36,25.91,22.16,1404.0,2026-09-14T13:39:21.195883
15,A Coruña,2024,M11,90.0,23.17,11.91,10.65,1122.0,2026-09-14T13:39:21.195883
15,A Coruña,2024,M12,83.0,16.74,13.17,10.8,1046.0,2026-09-14T13:39:21.195883
15,A Coruña,2025,M01,65.0,10.4,5.51,5.03,742.0,2026-09-14T13:39:21.195883
15,A Coruña,2025,M02,64.0,17.27,8.27,7.78,716.0,2026-09-14T13:39:21.195883
15,A Coruña,2025,M03,78.0,16.35,8.99,8.39,929.0,2026-09-14T13:39:21.195883
15,A Coruña,2025,M04,101.0,35.23,30.37,27.17,1295.0,2026-09-14T13:39:21.195883
15,A Coruña,2025,M05,111.0,40.82,42.14,36.71,1402.0,2026-09-14T13:39:21.195883
15,A Coruña,2025,M06,120.0,43.04,41.08,36.31,1531.0,2026-09-14T13:39:21.195883
15,A Coruña,2025,M07,112.0,50.5,51.97,45.88,1503.0,2026-09-14T13:39:21.195883
15,A Coruña,2025,M08,117.0,62.82,73.64,62.66,1547.0,2026-09-14T13:39:21.195883
15,A Coruña,2025,M09,118.0,49.48,46.27,39.8,1555.0,2026-09-14T13:39:21.195883
15,A Coruña,2025,M10,110.0,34.6,29.14,25.04,1441.0,2026-09-14T13:39:21.195883
15,A Coruña,2025,M11,96.0,23.24,10.59,9.59,1212.0,2026-09-14T13:39:21.195883
15,A Coruña,2025,M12,86.0,16.5,9.34,8.54,1041.0,2026-09-14T13:39:21.195883
15,A Coruña,2026,M01,80.0,8.14,4.35,3.74,962.0,2026-09-14T13:39:21.195883
15,A Coruña,2026,M02,81.0,11.36,5.66,4.34,962.0,2026-09-14T13:39:21.195883
15,A Coruña,2026,M03,87.0,16.0,8.86,7.79,1125.0,2026-09-14T13:39:21.195883
15,A Coruña,2026,M04,110.0,27.6,22.59,18.64,1486.0,2026-09-14T13:39:21.195883
15,A Coruña,2026,M05,119.0,31.3,27.55,23.12,1624.0,2026-09-14T13:39:21.195883
15,A Coruña,2026,M06,113.0,48.25,43.04,35.03,1539.0,2026-09-14T13:39:21.195883
15,A Coruña,2026,M07,123.0,58.2,55.55,47.35,1663.0,2026-09-14T13:39:21.195883
16,Cuenca,2024,M08,298.0,39.97,31.75,24.3,3785.0,2026-09-14T13:39:21.195883
16,Cuenca,2024,M09,305.0,32.93,17.33,11.95,3874.0,2026-09-14T13:39:21.195883
16,Cuenca,2024,M10,336.0,34.52,17.56,12.81,4121.0,2026-09-14T13:39:21.195883
16,Cuenca,2024,M11,331.0,29.84,16.14,13.36,4169.0,2026-09-14T13:39:21.195883
16,Cuenca,2024,M12,324.0,29.28,20.33,16.45,4022.0,2026-09-14T13:39:21.195883
16,Cuenca,2025,M01,283.0,14.07,9.62,7.62,3279.0,2026-09-14T13:39:21.195883
16,Cuenca,2025,M02,287.0,28.96,13.18,11.0,3434.0,2026-09-14T13:39:21.195883
16,Cuenca,2025,M03,280.0,25.59,12.97,9.81,3350.0,2026-09-14T13:39:21.195883
16,Cuenca,2025,M04,326.0,33.01,20.58,15.5,4088.0,2026-09-14T13:39:21.195883
16,Cuenca,2025,M05,334.0,25.83,17.56,12.47,4227.0,2026-09-14T13:39:21.195883
16,Cuenca,2025,M06,334.0,30.69,18.25,12.57,4258.0,2026-09-14T13:39:21.195883
16,Cuenca,2025,M07,338.0,34.52,23.58,17.89,4246.0,2026-09-14T13:39:21.195883
16,Cuenca,2025,M08,335.0,38.81,37.72,26.92,4211.0,2026-09-14T13:39:21.195883
16,Cuenca,2025,M09,330.0,34.68,19.9,14.22,4193.0,2026-09-14T13:39:21.195883
16,Cuenca,2025,M10,341.0,30.96,17.56,13.08,4301.0,2026-09-14T13:39:21.195883
16,Cuenca,2025,M11,335.0,30.65,18.05,12.36,4215.0,2026-09-14T13:39:21.195883
16,Cuenca,2025,M12,327.0,25.76,20.55,14.33,4139.0,2026-09-14T13:39:21.195883
16,Cuenca,2026,M01,284.0,12.08,10.71,6.08,3526.0,2026-09-14T13:39:21.195883
16,Cuenca,2026,M02,295.0,21.45,12.7,8.28,3872.0,2026-09-14T13:39:21.195883
16,Cuenca,2026,M03,308.0,25.24,19.75,10.14,4013.0,2026-09-14T13:39:21.195883
16,Cuenca,2026,M04,328.0,27.79,22.01,14.15,4194.0,2026-09-14T13:39:21.195883
16,Cuenca,2026,M05,320.0,29.57,19.88,12.51,4155.0,2026-09-14T13:39:21.195883
16,Cuenca,2026,M06,343.0,35.17,20.73,13.62,4551.0,2026-09-14T13:39:21.195883
16,Cuenca,2026,M07,327.0,35.7,24.48,18.1,4368.0,2026-09-14T13:39:21.195883
17,Girona,2024,M08,617.0,50.29,64.36,52.05,7146.0,2026-09-14T13:39:21.195883
17,Girona,2024,M09,617.0,45.59,30.33,22.81,6971.0,2026-09-14T13:39:21.195883
17,Girona,2024,M10,598.0,43.05,26.37,20.73,6683.0,2026-09-14T13:39:21.195883
17,Girona,2024,M11,577.0,42.66,21.88,18.49,6518.0,2026-09-14T13:39:21.195883
17,Girona,2024,M12,610.0,35.61,27.27,22.43,6858.0,2026-09-14T13:39:21.195883
17,Girona,2025,M01,477.0,27.52,13.64,11.07,5607.0,2026-09-14T13:39:21.195883
17,Girona,2025,M02,472.0,32.54,16.44,13.14,5677.0,2026-09-14T13:39:21.195883
17,Girona,2025,M03,522.0,36.7,17.75,13.5,6188.0,2026-09-14T13:39:21.195883
17,Girona,2025,M04,558.0,45.5,30.11,22.49,6467.0,2026-09-14T13:39:21.195883
17,Girona,2025,M05,574.0,44.02,27.01,20.9,6741.0,2026-09-14T13:39:21.195883
17,Girona,2025,M06,600.0,47.89,31.21,24.97,6973.0,2026-09-14T13:39:21.195883
17,Girona,2025,M07,628.0,50.26,44.62,35.32,7373.0,2026-09-14T13:39:21.195883
17,Girona,2025,M08,638.0,46.46,63.8,51.12,7417.0,2026-09-14T13:39:21.195883
17,Girona,2025,M09,604.0,42.15,29.86,21.55,7105.0,2026-09-14T13:39:21.195883
17,Girona,2025,M10,589.0,41.82,23.57,17.14,6677.0,2026-09-14T13:39:21.195883
17,Girona,2025,M11,572.0,36.74,18.4,14.12,6710.0,2026-09-14T13:39:21.195883
17,Girona,2025,M12,554.0,31.62,25.48,20.58,6344.0,2026-09-14T13:39:21.195883
17,Girona,2026,M01,416.0,28.63,18.72,13.24,5262.0,2026-09-14T13:39:21.195883
17,Girona,2026,M02,453.0,35.6,20.69,14.15,5630.0,2026-09-14T13:39:21.195883
17,Girona,2026,M03,526.0,28.38,17.87,12.05,6438.0,2026-09-14T13:39:21.195883
17,Girona,2026,M04,527.0,47.5,31.3,24.13,6368.0,2026-09-14T13:39:21.195883
17,Girona,2026,M05,535.0,42.33,30.38,22.16,6618.0,2026-09-14T13:39:21.195883
17,Girona,2026,M06,543.0,51.83,34.75,25.9,6794.0,2026-09-14T13:39:21.195883
17,Girona,2026,M07,577.0,49.61,52.17,39.71,6952.0,2026-09-14T13:39:21.195883
18,Granada,2024,M08,152.0,45.86,50.13,36.71,1610.0,2026-09-14T13:39:21.195883
18,Granada,2024,M09,160.0,25.93,22.14,15.03,1673.0,2026-09-14T13:39:21.195883
18,Granada,2024,M10,163.0,28.79,22.0,14.21,1709.0,2026-09-14T13:39:21.195883
18,Granada,2024,M11,154.0,27.17,14.08,11.21,1603.0,2026-09-14T13:39:21.195883
18,Granada,2024,M12,145.0,27.11,18.04,14.5,1530.0,2026-09-14T13:39:21.195883
18,Granada,2025,M01,160.0,20.66,13.09,9.36,1733.0,2026-09-14T13:39:21.195883
18,Granada,2025,M02,172.0,36.75,21.73,15.88,1742.0,2026-09-14T13:39:21.195883
18,Granada,2025,M03,176.0,25.57,15.31,10.12,1868.0,2026-09-14T13:39:21.195883
18,Granada,2025,M04,186.0,37.07,26.0,19.13,1964.0,2026-09-14T13:39:21.195883
18,Granada,2025,M05,174.0,26.41,22.9,16.2,1892.0,2026-09-14T13:39:21.195883
18,Granada,2025,M06,187.0,30.87,18.66,13.85,1960.0,2026-09-14T13:39:21.195883
18,Granada,2025,M07,197.0,34.61,35.59,21.66,2096.0,2026-09-14T13:39:21.195883
18,Granada,2025,M08,193.0,37.59,48.72,33.09,2042.0,2026-09-14T13:39:21.195883
18,Granada,2025,M09,185.0,26.66,27.97,17.21,1944.0,2026-09-14T13:39:21.195883
18,Granada,2025,M10,195.0,29.54,22.36,14.72,2065.0,2026-09-14T13:39:21.195883
18,Granada,2025,M11,206.0,23.12,12.89,9.68,2066.0,2026-09-14T13:39:21.195883
18,Granada,2025,M12,210.0,26.21,24.45,16.01,2081.0,2026-09-14T13:39:21.195883
18,Granada,2026,M01,179.0,19.06,13.09,9.29,1821.0,2026-09-14T13:39:21.195883
18,Granada,2026,M02,206.0,25.11,14.91,10.34,2128.0,2026-09-14T13:39:21.195883
18,Granada,2026,M03,206.0,19.86,11.98,8.0,2188.0,2026-09-14T13:39:21.195883
18,Granada,2026,M04,211.0,30.71,23.6,16.56,2186.0,2026-09-14T13:39:21.195883
18,Granada,2026,M05,212.0,26.5,22.14,14.53,2164.0,2026-09-14T13:39:21.195883
18,Granada,2026,M06,227.0,30.87,23.63,14.66,2319.0,2026-09-14T13:39:21.195883
18,Granada,2026,M07,216.0,29.74,32.06,20.22,2208.0,2026-09-14T13:39:21.195883
19,Guadalajara,2024,M08,271.0,35.26,31.94,25.37,3048.0,2026-09-14T13:39:21.195883
19,Guadalajara,2024,M09,275.0,32.5,18.73,16.24,3085.0,2026-09-14T13:39:21.195883
19,Guadalajara,2024,M10,330.0,40.11,19.88,17.19,3525.0,2026-09-14T13:39:21.195883
19,Guadalajara,2024,M11,321.0,38.42,21.34,18.02,3586.0,2026-09-14T13:39:21.195883
19,Guadalajara,2024,M12,316.0,30.29,20.52,18.22,3532.0,2026-09-14T13:39:21.195883
19,Guadalajara,2025,M01,257.0,16.05,9.99,8.29,2862.0,2026-09-14T13:39:21.195883
19,Guadalajara,2025,M02,256.0,32.22,20.11,15.15,2877.0,2026-09-14T13:39:21.195883
19,Guadalajara,2025,M03,280.0,29.78,20.03,15.42,3117.0,2026-09-14T13:39:21.195883
19,Guadalajara,2025,M04,312.0,42.0,28.54,23.18,3399.0,2026-09-14T13:39:21.195883
19,Guadalajara,2025,M05,311.0,35.98,21.86,19.07,3409.0,2026-09-14T13:39:21.195883
19,Guadalajara,2025,M06,319.0,41.67,23.05,19.34,3448.0,2026-09-14T13:39:21.195883
19,Guadalajara,2025,M07,321.0,42.39,25.93,21.95,3495.0,2026-09-14T13:39:21.195883
19,Guadalajara,2025,M08,305.0,35.63,28.62,23.92,3246.0,2026-09-14T13:39:21.195883
19,Guadalajara,2025,M09,314.0,35.6,20.22,16.69,3431.0,2026-09-14T13:39:21.195883
19,Guadalajara,2025,M10,325.0,35.91,20.33,17.11,3555.0,2026-09-14T13:39:21.195883
19,Guadalajara,2025,M11,333.0,33.06,18.49,14.8,3625.0,2026-09-14T13:39:21.195883
19,Guadalajara,2025,M12,321.0,31.85,20.41,17.16,3459.0,2026-09-14T13:39:21.195883
19,Guadalajara,2026,M01,302.0,13.29,10.04,7.13,3060.0,2026-09-14T13:39:21.195883
19,Guadalajara,2026,M02,301.0,24.68,15.03,9.86,3343.0,2026-09-14T13:39:21.195883
19,Guadalajara,2026,M03,339.0,30.84,18.72,13.08,3638.0,2026-09-14T13:39:21.195883
19,Guadalajara,2026,M04,343.0,38.43,22.76,17.17,3595.0,2026-09-14T13:39:21.195883
19,Guadalajara,2026,M05,342.0,31.2,20.48,14.02,3621.0,2026-09-14T13:39:21.195883
19,Guadalajara,2026,M06,388.0,34.92,24.4,16.17,4156.0,2026-09-14T13:39:21.195883
19,Guadalajara,2026,M07,386.0,29.83,29.96,19.33,4112.0,2026-09-14T13:39:21.195883
20,Gipuzkoa,2024,M08,188.0,64.7,77.04,70.21,2183.0,2026-09-14T13:39:21.195883
20,Gipuzkoa,2024,M09,175.0,49.86,41.97,36.95,2068.0,2026-09-14T13:39:21.195883
20,Gipuzkoa,2024,M10,167.0,35.62,30.25,25.6,1956.0,2026-09-14T13:39:21.195883
20,Gipuzkoa,2024,M11,165.0,39.89,26.07,22.21,1955.0,2026-09-14T13:39:21.195883
20,Gipuzkoa,2024,M12,157.0,29.23,26.39,22.19,1866.0,2026-09-14T13:39:21.195883
20,Gipuzkoa,2025,M01,127.0,18.44,16.16,12.77,1486.0,2026-09-14T13:39:21.195883
20,Gipuzkoa,2025,M02,137.0,29.09,19.01,14.13,1669.0,2026-09-14T13:39:21.195883
20,Gipuzkoa,2025,M03,152.0,41.7,24.45,20.7,1836.0,2026-09-14T13:39:21.195883
20,Gipuzkoa,2025,M04,168.0,53.02,36.32,31.65,2005.0,2026-09-14T13:39:21.195883
20,Gipuzkoa,2025,M05,173.0,52.26,39.92,34.92,2065.0,2026-09-14T13:39:21.195883
20,Gipuzkoa,2025,M06,179.0,59.73,48.12,40.63,2132.0,2026-09-14T13:39:21.195883
20,Gipuzkoa,2025,M07,184.0,62.69,65.67,59.51,2201.0,2026-09-14T13:39:21.195883
20,Gipuzkoa,2025,M08,185.0,69.66,82.83,73.08,2229.0,2026-09-14T13:39:21.195883
20,Gipuzkoa,2025,M09,179.0,53.52,47.11,39.65,2125.0,2026-09-14T13:39:21.195883
20,Gipuzkoa,2025,M10,169.0,38.12,30.17,27.09,2041.0,2026-09-14T13:39:21.195883
20,Gipuzkoa,2025,M11,162.0,37.2,23.49,20.45,1931.0,2026-09-14T13:39:21.195883
20,Gipuzkoa,2025,M12,159.0,28.48,25.27,21.26,1951.0,2026-09-14T13:39:21.195883
20,Gipuzkoa,2026,M01,130.0,15.31,11.0,10.23,1609.0,2026-09-14T13:39:21.195883
20,Gipuzkoa,2026,M02,127.0,32.56,15.8,13.11,1638.0,2026-09-14T13:39:21.195883
20,Gipuzkoa,2026,M03,149.0,44.21,21.76,18.83,1852.0,2026-09-14T13:39:21.195883
20,Gipuzkoa,2026,M04,163.0,38.57,27.92,22.85,1984.0,2026-09-14T13:39:21.195883
20,Gipuzkoa,2026,M05,162.0,49.05,35.54,29.27,1972.0,2026-09-14T13:39:21.195883
20,Gipuzkoa,2026,M06,171.0,41.33,36.03,28.03,2057.0,2026-09-14T13:39:21.195883
20,Gipuzkoa,2026,M07,171.0,60.83,66.63,58.68,2066.0,2026-09-14T13:39:21.195883
21,Huelva,2024,M08,163.0,51.25,55.23,40.46,1425.0,2026-09-14T13:39:21.195883
21,Huelva,2024,M09,159.0,34.67,25.82,19.14,1383.0,2026-09-14T13:39:21.195883
21,Huelva,2024,M10,159.0,37.42,26.43,19.15,1418.0,2026-09-14T13:39:21.195883
21,Huelva,2024,M11,164.0,40.86,27.23,20.07,1449.0,2026-09-14T13:39:21.195883
21,Huelva,2024,M12,145.0,38.65,28.67,24.29,1236.0,2026-09-14T13:39:21.195883
21,Huelva,2025,M01,124.0,26.5,20.4,14.49,1009.0,2026-09-14T13:39:21.195883
21,Huelva,2025,M02,131.0,38.08,23.08,16.77,1050.0,2026-09-14T13:39:21.195883
21,Huelva,2025,M03,148.0,24.1,17.54,12.04,1143.0,2026-09-14T13:39:21.195883
21,Huelva,2025,M04,139.0,29.09,27.27,18.91,1202.0,2026-09-14T13:39:21.195883
21,Huelva,2025,M05,124.0,21.65,24.1,15.77,1078.0,2026-09-14T13:39:21.195883
21,Huelva,2025,M06,137.0,29.34,26.26,19.14,1075.0,2026-09-14T13:39:21.195883
21,Huelva,2025,M07,135.0,36.86,34.27,19.93,1261.0,2026-09-14T13:39:21.195883
21,Huelva,2025,M08,131.0,44.48,47.19,34.91,1003.0,2026-09-14T13:39:21.195883
21,Huelva,2025,M09,132.0,35.01,25.59,19.52,1009.0,2026-09-14T13:39:21.195883
21,Huelva,2025,M10,138.0,36.84,28.85,22.0,1101.0,2026-09-14T13:39:21.195883
21,Huelva,2025,M11,144.0,43.52,29.66,21.7,1165.0,2026-09-14T13:39:21.195883
21,Huelva,2025,M12,147.0,37.79,23.49,17.88,1199.0,2026-09-14T13:39:21.195883
21,Huelva,2026,M01,142.0,29.36,20.99,14.78,1161.0,2026-09-14T13:39:21.195883
21,Huelva,2026,M02,145.0,46.73,22.69,19.47,1157.0,2026-09-14T13:39:21.195883
21,Huelva,2026,M03,143.0,29.39,18.45,13.65,1443.0,2026-09-14T13:39:21.195883
21,Huelva,2026,M04,146.0,35.3,27.11,19.42,1221.0,2026-09-14T13:39:21.195883
21,Huelva,2026,M05,146.0,32.84,26.72,18.12,1447.0,2026-09-14T13:39:21.195883
21,Huelva,2026,M06,139.0,37.56,25.15,17.1,1459.0,2026-09-14T13:39:21.195883
21,Huelva,2026,M07,141.0,34.59,31.03,21.41,1433.0,2026-09-14T13:39:21.195883
22,Huesca,2024,M08,618.0,40.53,59.88,44.83,4869.0,2026-09-14T13:39:21.195883
22,Huesca,2024,M09,640.0,27.41,25.0,18.19,4976.0,2026-09-14T13:39:21.195883
22,Huesca,2024,M10,590.0,25.61,18.7,14.15,4691.0,2026-09-14T13:39:21.195883
22,Huesca,2024,M11,597.0,23.12,16.1,12.54,4507.0,2026-09-14T13:39:21.195883
22,Huesca,2024,M12,617.0,27.15,20.99,17.22,4704.0,2026-09-14T13:39:21.195883
22,Huesca,2025,M01,476.0,18.15,15.04,9.98,3621.0,2026-09-14T13:39:21.195883
22,Huesca,2025,M02,488.0,36.68,17.86,15.23,3808.0,2026-09-14T13:39:21.195883
22,Huesca,2025,M03,528.0,27.26,14.25,10.98,4079.0,2026-09-14T13:39:21.195883
22,Huesca,2025,M04,578.0,33.65,21.51,17.16,4484.0,2026-09-14T13:39:21.195883
22,Huesca,2025,M05,586.0,28.93,19.65,14.32,4580.0,2026-09-14T13:39:21.195883
22,Huesca,2025,M06,602.0,32.42,24.96,17.73,4671.0,2026-09-14T13:39:21.195883
22,Huesca,2025,M07,644.0,37.54,39.17,29.73,5018.0,2026-09-14T13:39:21.195883
22,Huesca,2025,M08,638.0,45.6,60.32,49.33,4896.0,2026-09-14T13:39:21.195883
22,Huesca,2025,M09,574.0,33.69,26.76,18.39,4479.0,2026-09-14T13:39:21.195883
22,Huesca,2025,M10,578.0,32.23,23.52,16.66,4399.0,2026-09-14T13:39:21.195883
22,Huesca,2025,M11,576.0,24.62,14.07,10.29,4311.0,2026-09-14T13:39:21.195883
22,Huesca,2025,M12,546.0,31.2,24.24,19.5,4158.0,2026-09-14T13:39:21.195883
22,Huesca,2026,M01,457.0,25.91,17.32,13.31,3394.0,2026-09-14T13:39:21.195883
22,Huesca,2026,M02,468.0,42.09,25.9,20.41,3539.0,2026-09-14T13:39:21.195883
22,Huesca,2026,M03,575.0,35.06,17.92,14.57,4365.0,2026-09-14T13:39:21.195883
22,Huesca,2026,M04,596.0,35.1,23.69,17.7,4627.0,2026-09-14T13:39:21.195883
22,Huesca,2026,M05,596.0,31.53,23.11,16.69,4679.0,2026-09-14T13:39:21.195883
22,Huesca,2026,M06,676.0,37.21,24.58,17.96,4770.0,2026-09-14T13:39:21.195883
22,Huesca,2026,M07,674.0,35.3,41.43,30.67,5244.0,2026-09-14T13:39:21.195883
23,Jaén,2024,M08,221.0,38.7,44.56,30.11,2028.0,2026-09-14T13:39:21.195883
23,Jaén,2024,M09,197.0,24.21,13.99,11.15,1849.0,2026-09-14T13:39:21.195883
23,Jaén,2024,M10,210.0,23.54,11.48,9.47,2020.0,2026-09-14T13:39:21.195883
23,Jaén,2024,M11,205.0,30.46,16.38,13.09,1978.0,2026-09-14T13:39:21.195883
23,Jaén,2024,M12,190.0,29.74,16.52,14.95,1890.0,2026-09-14T13:39:21.195883
23,Jaén,2025,M01,141.0,13.58,10.03,7.32,1535.0,2026-09-14T13:39:21.195883
23,Jaén,2025,M02,143.0,22.87,11.48,9.36,1528.0,2026-09-14T13:39:21.195883
23,Jaén,2025,M03,162.0,21.22,11.33,8.03,1638.0,2026-09-14T13:39:21.195883
23,Jaén,2025,M04,159.0,28.61,17.76,14.36,1618.0,2026-09-14T13:39:21.195883
23,Jaén,2025,M05,151.0,21.99,14.97,10.45,1516.0,2026-09-14T13:39:21.195883
23,Jaén,2025,M06,138.0,24.11,14.22,10.47,1457.0,2026-09-14T13:39:21.195883
23,Jaén,2025,M07,164.0,35.11,24.08,18.43,1587.0,2026-09-14T13:39:21.195883
23,Jaén,2025,M08,157.0,36.51,47.63,33.74,1565.0,2026-09-14T13:39:21.195883
23,Jaén,2025,M09,142.0,27.3,22.23,13.64,1406.0,2026-09-14T13:39:21.195883
23,Jaén,2025,M10,159.0,28.06,16.03,11.34,1589.0,2026-09-14T13:39:21.195883
23,Jaén,2025,M11,187.0,24.35,13.91,9.85,1887.0,2026-09-14T13:39:21.195883
23,Jaén,2025,M12,189.0,25.21,18.92,14.35,1911.0,2026-09-14T13:39:21.195883
23,Jaén,2026,M01,207.0,12.81,10.21,7.16,2106.0,2026-09-14T13:39:21.195883
23,Jaén,2026,M02,209.0,18.52,10.97,8.45,2081.0,2026-09-14T13:39:21.195883
23,Jaén,2026,M03,199.0,21.57,11.77,8.36,1990.0,2026-09-14T13:39:21.195883
23,Jaén,2026,M04,204.0,32.23,20.71,16.45,2047.0,2026-09-14T13:39:21.195883
23,Jaén,2026,M05,204.0,26.49,17.95,12.14,2007.0,2026-09-14T13:39:21.195883
23,Jaén,2026,M06,214.0,34.26,17.2,12.02,2124.0,2026-09-14T13:39:21.195883
23,Jaén,2026,M07,185.0,37.62,31.43,19.64,1998.0,2026-09-14T13:39:21.195883
24,León,2024,M08,526.0,45.45,53.21,40.32,4495.0,2026-09-14T13:39:21.195883
24,León,2024,M09,495.0,28.81,22.32,16.97,4214.0,2026-09-14T13:39:21.195883
24,León,2024,M10,473.0,30.44,18.42,14.3,3840.0,2026-09-14T13:39:21.195883
24,León,2024,M11,424.0,25.18,20.5,15.11,3615.0,2026-09-14T13:39:21.195883
24,León,2024,M12,404.0,27.82,17.67,14.53,3276.0,2026-09-14T13:39:21.195883
24,León,2025,M01,289.0,12.98,7.99,6.03,2215.0,2026-09-14T13:39:21.195883
24,León,2025,M02,328.0,23.96,10.35,9.22,2521.0,2026-09-14T13:39:21.195883
24,León,2025,M03,368.0,14.22,10.45,7.4,2892.0,2026-09-14T13:39:21.195883
24,León,2025,M04,385.0,26.6,21.92,16.52,3172.0,2026-09-14T13:39:21.195883
24,León,2025,M05,424.0,27.2,21.85,17.57,3674.0,2026-09-14T13:39:21.195883
24,León,2025,M06,421.0,29.68,21.09,16.07,3446.0,2026-09-14T13:39:21.195883
24,León,2025,M07,425.0,37.21,30.31,21.51,3639.0,2026-09-14T13:39:21.195883
24,León,2025,M08,445.0,38.51,41.53,32.37,3941.0,2026-09-14T13:39:21.195883
24,León,2025,M09,435.0,20.13,17.17,12.85,3878.0,2026-09-14T13:39:21.195883
24,León,2025,M10,430.0,23.32,15.21,12.21,3605.0,2026-09-14T13:39:21.195883
24,León,2025,M11,412.0,19.76,10.8,8.39,3428.0,2026-09-14T13:39:21.195883
24,León,2025,M12,387.0,28.39,17.18,13.95,3113.0,2026-09-14T13:39:21.195883
24,León,2026,M01,348.0,16.15,9.83,8.36,2787.0,2026-09-14T13:39:21.195883
24,León,2026,M02,379.0,25.69,14.32,10.6,3090.0,2026-09-14T13:39:21.195883
24,León,2026,M03,367.0,25.19,14.82,12.7,3206.0,2026-09-14T13:39:21.195883
24,León,2026,M04,379.0,34.63,23.94,19.78,3473.0,2026-09-14T13:39:21.195883
24,León,2026,M05,439.0,29.43,23.36,20.11,3907.0,2026-09-14T13:39:21.195883
24,León,2026,M06,406.0,33.04,25.7,22.1,3731.0,2026-09-14T13:39:21.195883
24,León,2026,M07,384.0,44.26,36.83,30.74,3406.0,2026-09-14T13:39:21.195883
25,Lleida,2024,M08,486.0,44.91,44.74,36.23,3754.0,2026-09-14T13:39:21.195883
25,Lleida,2024,M09,505.0,38.49,19.09,15.61,3980.0,2026-09-14T13:39:21.195883
25,Lleida,2024,M10,484.0,34.16,16.27,12.91,3955.0,2026-09-14T13:39:21.195883
25,Lleida,2024,M11,494.0,34.65,15.06,13.0,3992.0,2026-09-14T13:39:21.195883
25,Lleida,2024,M12,462.0,35.04,23.08,19.22,3722.0,2026-09-14T13:39:21.195883
25,Lleida,2025,M01,393.0,26.27,16.9,11.73,3346.0,2026-09-14T13:39:21.195883
25,Lleida,2025,M02,392.0,34.91,14.9,13.13,3357.0,2026-09-14T13:39:21.195883
25,Lleida,2025,M03,387.0,28.29,11.62,9.64,3325.0,2026-09-14T13:39:21.195883
25,Lleida,2025,M04,417.0,31.77,17.17,14.39,3435.0,2026-09-14T13:39:21.195883
25,Lleida,2025,M05,409.0,33.81,16.48,12.89,3433.0,2026-09-14T13:39:21.195883
25,Lleida,2025,M06,450.0,39.79,23.45,18.06,3762.0,2026-09-14T13:39:21.195883
25,Lleida,2025,M07,496.0,38.09,28.11,22.71,4193.0,2026-09-14T13:39:21.195883
25,Lleida,2025,M08,510.0,40.63,46.5,35.77,4267.0,2026-09-14T13:39:21.195883
25,Lleida,2025,M09,494.0,34.37,20.43,14.88,4042.0,2026-09-14T13:39:21.195883
25,Lleida,2025,M10,486.0,30.68,17.55,12.73,3917.0,2026-09-14T13:39:21.195883
25,Lleida,2025,M11,456.0,29.51,14.24,10.74,3560.0,2026-09-14T13:39:21.195883
25,Lleida,2025,M12,451.0,33.74,22.9,17.43,3629.0,2026-09-14T13:39:21.195883
25,Lleida,2026,M01,419.0,28.66,16.03,12.82,3446.0,2026-09-14T13:39:21.195883
25,Lleida,2026,M02,394.0,32.14,15.75,12.75,3159.0,2026-09-14T13:39:21.195883
25,Lleida,2026,M03,474.0,32.19,16.87,13.5,3809.0,2026-09-14T13:39:21.195883
25,Lleida,2026,M04,502.0,35.76,16.95,14.99,3982.0,2026-09-14T13:39:21.195883
25,Lleida,2026,M05,503.0,34.07,18.27,14.6,3907.0,2026-09-14T13:39:21.195883
25,Lleida,2026,M06,474.0,46.04,23.65,19.69,3706.0,2026-09-14T13:39:21.195883
25,Lleida,2026,M07,515.0,39.02,30.09,26.06,4116.0,2026-09-14T13:39:21.195883
26,La Rioja,2024,M08,109.0,43.54,45.96,40.75,1127.0,2026-09-14T13:39:21.195883
26,La Rioja,2024,M09,101.0,46.07,26.63,23.04,1053.0,2026-09-14T13:39:21.195883
26,La Rioja,2024,M10,100.0,51.6,25.29,22.21,1063.0,2026-09-14T13:39:21.195883
26,La Rioja,2024,M11,96.0,40.47,19.45,17.34,1041.0,2026-09-14T13:39:21.195883
26,La Rioja,2024,M12,96.0,33.93,22.74,20.27,1048.0,2026-09-14T13:39:21.195883
26,La Rioja,2025,M01,84.0,14.41,8.58,7.61,893.0,2026-09-14T13:39:21.195883
26,La Rioja,2025,M02,91.0,33.83,13.91,11.99,1012.0,2026-09-14T13:39:21.195883
26,La Rioja,2025,M03,100.0,39.69,14.67,13.95,1066.0,2026-09-14T13:39:21.195883
26,La Rioja,2025,M04,106.0,44.07,26.05,22.47,1147.0,2026-09-14T13:39:21.195883
26,La Rioja,2025,M05,103.0,48.68,26.51,22.32,1095.0,2026-09-14T13:39:21.195883
26,La Rioja,2025,M06,108.0,50.18,21.28,18.77,1140.0,2026-09-14T13:39:21.195883
26,La Rioja,2025,M07,106.0,54.97,29.87,25.41,1169.0,2026-09-14T13:39:21.195883
26,La Rioja,2025,M08,104.0,48.18,46.41,38.15,1135.0,2026-09-14T13:39:21.195883
26,La Rioja,2025,M09,100.0,42.73,22.96,18.86,1088.0,2026-09-14T13:39:21.195883
26,La Rioja,2025,M10,100.0,46.58,24.93,20.48,1110.0,2026-09-14T13:39:21.195883
26,La Rioja,2025,M11,90.0,40.54,20.44,16.22,992.0,2026-09-14T13:39:21.195883
26,La Rioja,2025,M12,96.0,30.78,21.78,19.47,1050.0,2026-09-14T13:39:21.195883
26,La Rioja,2026,M01,62.0,14.54,9.83,8.41,674.0,2026-09-14T13:39:21.195883
26,La Rioja,2026,M02,87.0,29.04,14.22,11.16,991.0,2026-09-14T13:39:21.195883
26,La Rioja,2026,M03,96.0,34.79,13.95,12.15,1065.0,2026-09-14T13:39:21.195883
26,La Rioja,2026,M04,96.0,45.06,25.1,20.54,1076.0,2026-09-14T13:39:21.195883
26,La Rioja,2026,M05,109.0,45.68,21.88,18.99,1202.0,2026-09-14T13:39:21.195883
26,La Rioja,2026,M06,100.0,41.29,15.02,14.63,1119.0,2026-09-14T13:39:21.195883
26,La Rioja,2026,M07,99.0,43.86,25.81,21.23,1049.0,2026-09-14T13:39:21.195883
27,Lugo,2024,M08,111.0,46.34,53.23,50.12,1599.0,2026-09-14T13:39:21.195883
27,Lugo,2024,M09,107.0,36.6,27.78,24.47,1542.0,2026-09-14T13:39:21.195883
27,Lugo,2024,M10,101.0,32.58,19.54,15.85,1420.0,2026-09-14T13:39:21.195883
27,Lugo,2024,M11,81.0,30.07,15.12,12.18,1177.0,2026-09-14T13:39:21.195883
27,Lugo,2024,M12,72.0,16.78,11.47,8.47,1002.0,2026-09-14T13:39:21.195883
27,Lugo,2025,M01,55.0,7.98,10.06,7.43,691.0,2026-09-14T13:39:21.195883
27,Lugo,2025,M02,64.0,21.03,11.33,9.04,806.0,2026-09-14T13:39:21.195883
27,Lugo,2025,M03,77.0,17.77,13.16,8.98,1056.0,2026-09-14T13:39:21.195883
27,Lugo,2025,M04,94.0,29.11,24.91,18.1,1275.0,2026-09-14T13:39:21.195883
27,Lugo,2025,M05,101.0,25.07,18.39,15.75,1485.0,2026-09-14T13:39:21.195883
27,Lugo,2025,M06,102.0,27.92,24.83,18.97,1488.0,2026-09-14T13:39:21.195883
27,Lugo,2025,M07,107.0,34.69,37.52,31.35,1589.0,2026-09-14T13:39:21.195883
27,Lugo,2025,M08,107.0,41.93,48.53,42.07,1592.0,2026-09-14T13:39:21.195883
27,Lugo,2025,M09,104.0,27.15,23.25,20.47,1505.0,2026-09-14T13:39:21.195883
27,Lugo,2025,M10,84.0,20.75,19.08,15.63,1125.0,2026-09-14T13:39:21.195883
27,Lugo,2025,M11,69.0,19.82,12.93,10.1,947.0,2026-09-14T13:39:21.195883
27,Lugo,2025,M12,62.0,15.96,9.37,8.38,764.0,2026-09-14T13:39:21.195883
27,Lugo,2026,M01,43.0,20.19,20.1,13.71,517.0,2026-09-14T13:39:21.195883
27,Lugo,2026,M02,51.0,17.42,21.2,12.17,627.0,2026-09-14T13:39:21.195883
27,Lugo,2026,M03,81.0,19.63,16.49,12.12,1049.0,2026-09-14T13:39:21.195883
27,Lugo,2026,M04,82.0,27.17,25.29,18.59,1101.0,2026-09-14T13:39:21.195883
27,Lugo,2026,M05,82.0,26.07,24.62,18.37,1100.0,2026-09-14T13:39:21.195883
27,Lugo,2026,M06,93.0,26.06,29.96,22.45,1289.0,2026-09-14T13:39:21.195883
27,Lugo,2026,M07,101.0,32.51,39.32,29.52,1459.0,2026-09-14T13:39:21.195883
28,Madrid,2024,M08,253.0,44.05,35.86,27.87,3699.0,2026-09-14T13:39:21.195883
28,Madrid,2024,M09,251.0,52.27,28.77,20.51,3706.0,2026-09-14T13:39:21.195883
28,Madrid,2024,M10,260.0,51.17,27.69,20.13,3798.0,2026-09-14T13:39:21.195883
28,Madrid,2024,M11,255.0,41.17,26.99,20.17,3723.0,2026-09-14T13:39:21.195883
28,Madrid,2024,M12,250.0,42.0,27.93,21.32,3698.0,2026-09-14T13:39:21.195883
28,Madrid,2025,M01,218.0,31.37,21.7,14.68,3474.0,2026-09-14T13:39:21.195883
28,Madrid,2025,M02,226.0,36.96,21.72,16.03,3655.0,2026-09-14T13:39:21.195883
28,Madrid,2025,M03,223.0,37.72,22.1,16.44,3601.0,2026-09-14T13:39:21.195883
28,Madrid,2025,M04,222.0,48.0,29.62,22.02,3569.0,2026-09-14T13:39:21.195883
28,Madrid,2025,M05,231.0,46.71,32.11,23.92,3524.0,2026-09-14T13:39:21.195883
28,Madrid,2025,M06,237.0,54.04,33.54,25.78,3628.0,2026-09-14T13:39:21.195883
28,Madrid,2025,M07,237.0,47.09,29.99,22.3,3648.0,2026-09-14T13:39:21.195883
28,Madrid,2025,M08,233.0,38.86,39.99,29.42,3585.0,2026-09-14T13:39:21.195883
28,Madrid,2025,M09,249.0,49.49,31.02,23.28,3710.0,2026-09-14T13:39:21.195883
28,Madrid,2025,M10,248.0,47.52,32.2,22.83,3768.0,2026-09-14T13:39:21.195883
28,Madrid,2025,M11,240.0,39.73,28.26,19.49,3696.0,2026-09-14T13:39:21.195883
28,Madrid,2025,M12,246.0,40.17,30.46,23.13,3723.0,2026-09-14T13:39:21.195883
28,Madrid,2026,M01,232.0,31.64,25.52,17.54,3627.0,2026-09-14T13:39:21.195883
28,Madrid,2026,M02,235.0,38.91,25.06,18.37,3709.0,2026-09-14T13:39:21.195883
28,Madrid,2026,M03,243.0,38.99,25.5,17.83,3805.0,2026-09-14T13:39:21.195883
28,Madrid,2026,M04,252.0,42.56,29.03,20.84,3808.0,2026-09-14T13:39:21.195883
28,Madrid,2026,M05,243.0,48.35,30.68,22.93,3683.0,2026-09-14T13:39:21.195883
28,Madrid,2026,M06,250.0,51.22,31.78,22.97,3796.0,2026-09-14T13:39:21.195883
28,Madrid,2026,M07,245.0,39.5,35.63,23.73,3707.0,2026-09-14T13:39:21.195883
29,Málaga,2024,M08,1554.0,37.79,54.43,39.33,11562.0,2026-09-14T13:39:21.195883
29,Málaga,2024,M09,1575.0,28.35,41.81,23.75,11922.0,2026-09-14T13:39:21.195883
29,Málaga,2024,M10,1414.0,24.68,33.05,20.48,10910.0,2026-09-14T13:39:21.195883
29,Málaga,2024,M11,1296.0,15.08,19.0,11.44,9592.0,2026-09-14T13:39:21.195883
29,Málaga,2024,M12,1098.0,13.6,16.85,10.92,8423.0,2026-09-14T13:39:21.195883
29,Málaga,2025,M01,1001.0,15.58,5.78,5.63,8547.0,2026-09-14T13:39:21.195883
29,Málaga,2025,M02,1164.0,18.11,16.96,15.79,9365.0,2026-09-14T13:39:21.195883
29,Málaga,2025,M03,1360.0,21.58,16.63,15.57,10735.0,2026-09-14T13:39:21.195883
29,Málaga,2025,M04,1679.0,22.06,24.87,18.64,11899.0,2026-09-14T13:39:21.195883
29,Málaga,2025,M05,1646.0,29.0,46.15,27.83,12071.0,2026-09-14T13:39:21.195883
29,Málaga,2025,M06,1654.0,47.13,55.07,39.75,11574.0,2026-09-14T13:39:21.195883
29,Málaga,2025,M07,1642.0,46.3,57.53,40.15,11653.0,2026-09-14T13:39:21.195883
29,Málaga,2025,M08,1634.0,35.32,58.07,37.09,11853.0,2026-09-14T13:39:21.195883
29,Málaga,2025,M09,1491.0,33.33,45.45,27.12,10524.0,2026-09-14T13:39:21.195883
29,Málaga,2025,M10,1322.0,23.87,46.82,26.63,9813.0,2026-09-14T13:39:21.195883
29,Málaga,2025,M11,1062.0,11.94,18.57,9.0,8031.0,2026-09-14T13:39:21.195883
29,Málaga,2025,M12,1005.0,15.73,26.13,14.79,7319.0,2026-09-14T13:39:21.195883
29,Málaga,2026,M01,992.0,14.25,12.64,9.73,6941.0,2026-09-14T13:39:21.195883
29,Málaga,2026,M02,1041.0,13.21,12.85,7.64,7092.0,2026-09-14T13:39:21.195883
29,Málaga,2026,M03,979.0,17.32,17.58,10.43,6563.0,2026-09-14T13:39:21.195883
29,Málaga,2026,M04,1175.0,28.08,32.55,22.3,8351.0,2026-09-14T13:39:21.195883
29,Málaga,2026,M05,1158.0,25.41,40.81,25.55,8391.0,2026-09-14T13:39:21.195883
29,Málaga,2026,M06,1193.0,47.25,49.7,33.86,8737.0,2026-09-14T13:39:21.195883
29,Málaga,2026,M07,1438.0,38.44,67.09,44.66,10452.0,2026-09-14T13:39:21.195883
30,Murcia,2024,M08,182.0,46.92,54.58,40.34,2111.0,2026-09-14T13:39:21.195883
30,Murcia,2024,M09,189.0,33.94,20.11,14.16,2146.0,2026-09-14T13:39:21.195883
30,Murcia,2024,M10,190.0,33.76,18.04,12.61,2153.0,2026-09-14T13:39:21.195883
30,Murcia,2024,M11,206.0,29.48,19.41,13.49,2305.0,2026-09-14T13:39:21.195883
30,Murcia,2024,M12,200.0,30.87,23.64,17.7,2253.0,2026-09-14T13:39:21.195883
30,Murcia,2025,M01,220.0,18.39,12.85,8.26,2526.0,2026-09-14T13:39:21.195883
30,Murcia,2025,M02,212.0,31.98,15.78,11.27,2488.0,2026-09-14T13:39:21.195883
30,Murcia,2025,M03,210.0,24.56,13.03,9.2,2461.0,2026-09-14T13:39:21.195883
30,Murcia,2025,M04,217.0,26.74,15.69,11.6,2558.0,2026-09-14T13:39:21.195883
30,Murcia,2025,M05,260.0,22.08,13.27,9.6,3028.0,2026-09-14T13:39:21.195883
30,Murcia,2025,M06,261.0,31.66,17.75,12.82,3063.0,2026-09-14T13:39:21.195883
30,Murcia,2025,M07,249.0,42.88,30.53,23.52,3023.0,2026-09-14T13:39:21.195883
30,Murcia,2025,M08,246.0,47.2,44.86,37.18,2975.0,2026-09-14T13:39:21.195883
30,Murcia,2025,M09,245.0,24.31,13.11,9.61,2883.0,2026-09-14T13:39:21.195883
30,Murcia,2025,M10,243.0,21.64,13.15,9.42,2828.0,2026-09-14T13:39:21.195883
30,Murcia,2025,M11,236.0,24.82,13.91,10.22,2805.0,2026-09-14T13:39:21.195883
30,Murcia,2025,M12,239.0,21.78,17.71,12.88,2837.0,2026-09-14T13:39:21.195883
30,Murcia,2026,M01,227.0,18.39,12.71,9.23,2808.0,2026-09-14T13:39:21.195883
30,Murcia,2026,M02,234.0,20.89,11.85,8.6,2923.0,2026-09-14T13:39:21.195883
30,Murcia,2026,M03,224.0,18.36,11.51,7.88,2810.0,2026-09-14T13:39:21.195883
30,Murcia,2026,M04,222.0,24.01,16.22,10.46,2795.0,2026-09-14T13:39:21.195883
30,Murcia,2026,M05,231.0,18.64,14.24,9.06,2839.0,2026-09-14T13:39:21.195883
30,Murcia,2026,M06,226.0,24.4,15.21,9.66,2768.0,2026-09-14T13:39:21.195883
30,Murcia,2026,M07,234.0,33.53,28.87,20.18,2846.0,2026-09-14T13:39:21.195883
31,Navarra,2024,M08,705.0,49.16,59.19,50.97,5858.0,2026-09-14T13:39:21.195883
31,Navarra,2024,M09,697.0,37.55,29.97,23.82,5855.0,2026-09-14T13:39:21.195883
31,Navarra,2024,M10,651.0,43.1,23.39,19.07,5422.0,2026-09-14T13:39:21.195883
31,Navarra,2024,M11,677.0,33.75,20.41,15.91,5623.0,2026-09-14T13:39:21.195883
31,Navarra,2024,M12,607.0,28.48,23.88,20.74,5076.0,2026-09-14T13:39:21.195883
31,Navarra,2025,M01,428.0,22.97,16.58,12.1,3670.0,2026-09-14T13:39:21.195883
31,Navarra,2025,M02,490.0,27.95,9.97,9.11,4068.0,2026-09-14T13:39:21.195883
31,Navarra,2025,M03,510.0,28.71,14.19,12.47,4191.0,2026-09-14T13:39:21.195883
31,Navarra,2025,M04,629.0,39.38,31.55,21.98,5253.0,2026-09-14T13:39:21.195883
31,Navarra,2025,M05,683.0,37.67,24.04,22.29,5624.0,2026-09-14T13:39:21.195883
31,Navarra,2025,M06,693.0,38.32,24.53,17.16,5766.0,2026-09-14T13:39:21.195883
31,Navarra,2025,M07,728.0,43.79,43.61,33.32,5928.0,2026-09-14T13:39:21.195883
31,Navarra,2025,M08,755.0,38.35,51.74,42.09,6198.0,2026-09-14T13:39:21.195883
31,Navarra,2025,M09,716.0,31.75,28.89,20.11,5919.0,2026-09-14T13:39:21.195883
31,Navarra,2025,M10,720.0,39.26,27.17,20.04,5909.0,2026-09-14T13:39:21.195883
31,Navarra,2025,M11,685.0,33.03,22.44,16.6,5680.0,2026-09-14T13:39:21.195883
31,Navarra,2025,M12,684.0,33.41,28.58,21.62,5487.0,2026-09-14T13:39:21.195883
31,Navarra,2026,M01,656.0,22.83,16.81,10.96,5472.0,2026-09-14T13:39:21.195883
31,Navarra,2026,M02,657.0,28.22,17.5,12.56,5421.0,2026-09-14T13:39:21.195883
31,Navarra,2026,M03,670.0,38.27,17.88,13.7,5588.0,2026-09-14T13:39:21.195883
31,Navarra,2026,M04,767.0,38.91,26.13,18.98,6540.0,2026-09-14T13:39:21.195883
31,Navarra,2026,M05,734.0,36.21,24.38,16.77,6306.0,2026-09-14T13:39:21.195883
31,Navarra,2026,M06,725.0,35.41,25.21,17.02,6190.0,2026-09-14T13:39:21.195883
31,Navarra,2026,M07,742.0,34.52,46.53,32.51,6180.0,2026-09-14T13:39:21.195883
32,Ourense,2024,M08,64.0,45.69,50.14,42.45,914.0,2026-09-14T13:39:21.195883
32,Ourense,2024,M09,61.0,40.48,31.3,25.86,883.0,2026-09-14T13:39:21.195883
32,Ourense,2024,M10,55.0,31.48,21.98,18.21,788.0,2026-09-14T13:39:21.195883
32,Ourense,2024,M11,51.0,23.59,13.73,12.46,720.0,2026-09-14T13:39:21.195883
32,Ourense,2024,M12,38.0,37.1,20.16,18.64,497.0,2026-09-14T13:39:21.195883
32,Ourense,2025,M01,43.0,14.78,7.42,6.39,588.0,2026-09-14T13:39:21.195883
32,Ourense,2025,M02,44.0,32.98,12.25,11.8,577.0,2026-09-14T13:39:21.195883
32,Ourense,2025,M03,51.0,24.34,11.04,10.69,681.0,2026-09-14T13:39:21.195883
32,Ourense,2025,M04,59.0,33.58,15.89,15.55,815.0,2026-09-14T13:39:21.195883
32,Ourense,2025,M05,59.0,29.36,17.36,14.38,790.0,2026-09-14T13:39:21.195883
32,Ourense,2025,M06,59.0,28.77,15.74,14.78,798.0,2026-09-14T13:39:21.195883
32,Ourense,2025,M07,59.0,44.52,27.21,24.89,809.0,2026-09-14T13:39:21.195883
32,Ourense,2025,M08,58.0,45.83,43.46,40.76,823.0,2026-09-14T13:39:21.195883
32,Ourense,2025,M09,58.0,33.94,23.61,18.8,789.0,2026-09-14T13:39:21.195883
32,Ourense,2025,M10,55.0,35.05,23.13,17.65,745.0,2026-09-14T13:39:21.195883
32,Ourense,2025,M11,55.0,31.49,13.78,12.61,745.0,2026-09-14T13:39:21.195883
32,Ourense,2025,M12,47.0,34.99,15.89,14.13,655.0,2026-09-14T13:39:21.195883
32,Ourense,2026,M01,34.0,25.4,15.07,14.55,476.0,2026-09-14T13:39:21.195883
32,Ourense,2026,M02,39.0,38.2,16.73,15.49,538.0,2026-09-14T13:39:21.195883
32,Ourense,2026,M03,46.0,28.14,14.08,12.63,609.0,2026-09-14T13:39:21.195883
32,Ourense,2026,M04,46.0,42.78,23.03,21.57,639.0,2026-09-14T13:39:21.195883
32,Ourense,2026,M05,54.0,36.03,22.54,20.68,737.0,2026-09-14T13:39:21.195883
32,Ourense,2026,M06,55.0,37.09,23.35,21.33,749.0,2026-09-14T13:39:21.195883
32,Ourense,2026,M07,54.0,44.75,37.28,32.71,743.0,2026-09-14T13:39:21.195883
33,Asturias,2024,M08,1395.0,52.6,68.84,58.51,14901.0,2026-09-14T13:39:21.195883
33,Asturias,2024,M09,1297.0,25.82,31.38,23.74,13905.0,2026-09-14T13:39:21.195883
33,Asturias,2024,M10,1231.0,20.19,16.25,11.64,13276.0,2026-09-14T13:39:21.195883
33,Asturias,2024,M11,1174.0,15.99,14.39,9.78,12197.0,2026-09-14T13:39:21.195883
33,Asturias,2024,M12,1069.0,17.2,14.95,11.62,10611.0,2026-09-14T13:39:21.195883
33,Asturias,2025,M01,876.0,7.14,7.57,5.06,8087.0,2026-09-14T13:39:21.195883
33,Asturias,2025,M02,856.0,12.48,12.05,7.17,8244.0,2026-09-14T13:39:21.195883
33,Asturias,2025,M03,972.0,15.55,12.5,10.19,9401.0,2026-09-14T13:39:21.195883
33,Asturias,2025,M04,1222.0,25.85,21.07,17.52,12306.0,2026-09-14T13:39:21.195883
33,Asturias,2025,M05,1220.0,20.97,18.79,13.38,12477.0,2026-09-14T13:39:21.195883
33,Asturias,2025,M06,1291.0,30.82,30.72,20.9,13580.0,2026-09-14T13:39:21.195883
33,Asturias,2025,M07,1361.0,42.78,50.93,42.52,13977.0,2026-09-14T13:39:21.195883
33,Asturias,2025,M08,1413.0,46.57,63.83,54.28,14603.0,2026-09-14T13:39:21.195883
33,Asturias,2025,M09,1241.0,32.51,35.02,26.12,13179.0,2026-09-14T13:39:21.195883
33,Asturias,2025,M10,1014.0,21.84,21.23,15.23,10473.0,2026-09-14T13:39:21.195883
33,Asturias,2025,M11,975.0,16.4,13.79,10.14,9463.0,2026-09-14T13:39:21.195883
33,Asturias,2025,M12,869.0,21.35,19.07,12.43,8474.0,2026-09-14T13:39:21.195883
33,Asturias,2026,M01,971.0,10.42,11.98,7.04,9291.0,2026-09-14T13:39:21.195883
33,Asturias,2026,M02,946.0,17.79,13.43,9.16,8996.0,2026-09-14T13:39:21.195883
33,Asturias,2026,M03,1057.0,18.4,14.17,9.73,10799.0,2026-09-14T13:39:21.195883
33,Asturias,2026,M04,1203.0,29.08,22.1,16.33,12411.0,2026-09-14T13:39:21.195883
33,Asturias,2026,M05,1219.0,23.11,21.32,14.99,12560.0,2026-09-14T13:39:21.195883
33,Asturias,2026,M06,1346.0,32.68,31.8,23.81,14500.0,2026-09-14T13:39:21.195883
33,Asturias,2026,M07,1436.0,48.34,54.52,44.47,15427.0,2026-09-14T13:39:21.195883
34,Palencia,2024,M08,205.0,40.18,47.78,35.51,2122.0,2026-09-14T13:39:21.195883
34,Palencia,2024,M09,191.0,36.08,24.65,19.12,1961.0,2026-09-14T13:39:21.195883
34,Palencia,2024,M10,199.0,36.18,22.21,16.89,2036.0,2026-09-14T13:39:21.195883
34,Palencia,2024,M11,167.0,27.41,21.26,15.32,1652.0,2026-09-14T13:39:21.195883
34,Palencia,2024,M12,163.0,22.49,18.4,14.18,1500.0,2026-09-14T13:39:21.195883
34,Palencia,2025,M01,122.0,10.24,12.43,7.99,1139.0,2026-09-14T13:39:21.195883
34,Palencia,2025,M02,139.0,21.6,15.47,10.42,1402.0,2026-09-14T13:39:21.195883
34,Palencia,2025,M03,149.0,22.93,20.62,13.39,1582.0,2026-09-14T13:39:21.195883
34,Palencia,2025,M04,158.0,29.15,23.44,17.32,1691.0,2026-09-14T13:39:21.195883
34,Palencia,2025,M05,164.0,33.37,27.96,20.21,1802.0,2026-09-14T13:39:21.195883
34,Palencia,2025,M06,167.0,34.18,27.53,19.01,1809.0,2026-09-14T13:39:21.195883
34,Palencia,2025,M07,171.0,47.07,41.32,28.34,1931.0,2026-09-14T13:39:21.195883
34,Palencia,2025,M08,174.0,41.74,55.36,36.57,1947.0,2026-09-14T13:39:21.195883
34,Palencia,2025,M09,167.0,33.34,31.82,20.52,1915.0,2026-09-14T13:39:21.195883
34,Palencia,2025,M10,158.0,28.83,26.04,16.73,1814.0,2026-09-14T13:39:21.195883
34,Palencia,2025,M11,153.0,22.22,18.8,11.82,1653.0,2026-09-14T13:39:21.195883
34,Palencia,2025,M12,143.0,23.71,18.21,13.51,1462.0,2026-09-14T13:39:21.195883
34,Palencia,2026,M01,158.0,11.46,11.39,7.38,1461.0,2026-09-14T13:39:21.195883
34,Palencia,2026,M02,154.0,20.78,16.73,9.86,1546.0,2026-09-14T13:39:21.195883
34,Palencia,2026,M03,149.0,22.42,19.19,10.99,1490.0,2026-09-14T13:39:21.195883
34,Palencia,2026,M04,167.0,31.02,28.7,16.96,1850.0,2026-09-14T13:39:21.195883
34,Palencia,2026,M05,177.0,27.63,25.33,17.24,1869.0,2026-09-14T13:39:21.195883
34,Palencia,2026,M06,174.0,32.38,26.86,18.29,1750.0,2026-09-14T13:39:21.195883
34,Palencia,2026,M07,185.0,35.77,36.94,27.09,1838.0,2026-09-14T13:39:21.195883
35,Las Palmas,2024,M08,70.0,42.21,52.42,37.96,635.0,2026-09-14T13:39:21.195883
35,Las Palmas,2024,M09,76.0,34.12,42.72,29.75,710.0,2026-09-14T13:39:21.195883
35,Las Palmas,2024,M10,73.0,35.84,48.23,33.17,662.0,2026-09-14T13:39:21.195883
35,Las Palmas,2024,M11,72.0,47.99,70.02,51.68,693.0,2026-09-14T13:39:21.195883
35,Las Palmas,2024,M12,73.0,46.69,57.35,40.89,672.0,2026-09-14T13:39:21.195883
35,Las Palmas,2025,M01,74.0,43.04,67.3,44.9,672.0,2026-09-14T13:39:21.195883
35,Las Palmas,2025,M02,71.0,48.63,69.4,49.07,678.0,2026-09-14T13:39:21.195883
35,Las Palmas,2025,M03,69.0,44.74,65.22,44.35,658.0,2026-09-14T13:39:21.195883
35,Las Palmas,2025,M04,68.0,41.32,45.12,34.28,638.0,2026-09-14T13:39:21.195883
35,Las Palmas,2025,M05,63.0,30.2,36.08,25.06,595.0,2026-09-14T13:39:21.195883
35,Las Palmas,2025,M06,67.0,27.13,33.91,22.96,637.0,2026-09-14T13:39:21.195883
35,Las Palmas,2025,M07,68.0,34.56,40.04,28.41,626.0,2026-09-14T13:39:21.195883
35,Las Palmas,2025,M08,67.0,43.58,57.77,41.97,621.0,2026-09-14T13:39:21.195883
35,Las Palmas,2025,M09,68.0,36.17,43.03,30.41,654.0,2026-09-14T13:39:21.195883
35,Las Palmas,2025,M10,67.0,31.7,44.39,31.25,641.0,2026-09-14T13:39:21.195883
35,Las Palmas,2025,M11,69.0,40.85,62.06,43.61,664.0,2026-09-14T13:39:21.195883
35,Las Palmas,2025,M12,63.0,41.67,55.79,39.89,622.0,2026-09-14T13:39:21.195883
35,Las Palmas,2026,M01,70.0,43.44,65.82,46.8,688.0,2026-09-14T13:39:21.195883
35,Las Palmas,2026,M02,69.0,47.04,68.63,50.08,633.0,2026-09-14T13:39:21.195883
35,Las Palmas,2026,M03,68.0,45.89,61.38,45.66,668.0,2026-09-14T13:39:21.195883
35,Las Palmas,2026,M04,70.0,34.22,45.23,31.87,711.0,2026-09-14T13:39:21.195883
35,Las Palmas,2026,M05,65.0,26.03,33.09,23.69,681.0,2026-09-14T13:39:21.195883
35,Las Palmas,2026,M06,66.0,27.5,34.22,24.15,652.0,2026-09-14T13:39:21.195883
35,Las Palmas,2026,M07,72.0,36.27,45.4,34.9,717.0,2026-09-14T13:39:21.195883
36,Pontevedra,2024,M08,131.0,51.32,59.46,53.56,1701.0,2026-09-14T13:39:21.195883
36,Pontevedra,2024,M09,127.0,31.38,26.9,22.85,1630.0,2026-09-14T13:39:21.195883
36,Pontevedra,2024,M10,111.0,19.83,17.81,14.14,1375.0,2026-09-14T13:39:21.195883
36,Pontevedra,2024,M11,101.0,12.91,7.21,6.0,1236.0,2026-09-14T13:39:21.195883
36,Pontevedra,2024,M12,94.0,18.76,9.38,8.47,1139.0,2026-09-14T13:39:21.195883
36,Pontevedra,2025,M01,78.0,19.14,8.25,7.17,945.0,2026-09-14T13:39:21.195883
36,Pontevedra,2025,M02,78.0,23.92,10.56,9.4,948.0,2026-09-14T13:39:21.195883
36,Pontevedra,2025,M03,86.0,14.25,6.98,6.39,1017.0,2026-09-14T13:39:21.195883
36,Pontevedra,2025,M04,103.0,25.94,14.54,13.7,1351.0,2026-09-14T13:39:21.195883
36,Pontevedra,2025,M05,112.0,25.26,15.04,12.92,1407.0,2026-09-14T13:39:21.195883
36,Pontevedra,2025,M06,112.0,42.35,24.0,22.3,1423.0,2026-09-14T13:39:21.195883
36,Pontevedra,2025,M07,122.0,47.38,43.01,40.6,1552.0,2026-09-14T13:39:21.195883
36,Pontevedra,2025,M08,123.0,61.4,65.37,60.82,1575.0,2026-09-14T13:39:21.195883
36,Pontevedra,2025,M09,122.0,39.03,28.89,25.82,1538.0,2026-09-14T13:39:21.195883
36,Pontevedra,2025,M10,93.0,20.23,17.65,14.98,1167.0,2026-09-14T13:39:21.195883
36,Pontevedra,2025,M11,91.0,18.43,9.24,7.35,1103.0,2026-09-14T13:39:21.195883
36,Pontevedra,2025,M12,83.0,19.99,13.35,13.17,1040.0,2026-09-14T13:39:21.195883
36,Pontevedra,2026,M01,72.0,7.6,3.77,3.15,839.0,2026-09-14T13:39:21.195883
36,Pontevedra,2026,M02,85.0,12.09,5.21,4.25,1036.0,2026-09-14T13:39:21.195883
36,Pontevedra,2026,M03,97.0,17.33,9.78,8.26,1177.0,2026-09-14T13:39:21.195883
36,Pontevedra,2026,M04,113.0,35.37,22.63,19.17,1445.0,2026-09-14T13:39:21.195883
36,Pontevedra,2026,M05,124.0,29.06,23.42,19.23,1519.0,2026-09-14T13:39:21.195883
36,Pontevedra,2026,M06,123.0,41.73,31.91,26.64,1518.0,2026-09-14T13:39:21.195883
36,Pontevedra,2026,M07,128.0,51.99,47.0,41.95,1629.0,2026-09-14T13:39:21.195883
37,Salamanca,2024,M08,518.0,34.78,38.36,30.24,4212.0,2026-09-14T13:39:21.195883
37,Salamanca,2024,M09,511.0,25.54,15.33,12.0,4091.0,2026-09-14T13:39:21.195883
37,Salamanca,2024,M10,527.0,24.49,12.61,9.84,4241.0,2026-09-14T13:39:21.195883
37,Salamanca,2024,M11,531.0,18.27,11.36,8.44,4289.0,2026-09-14T13:39:21.195883
37,Salamanca,2024,M12,530.0,27.32,19.96,15.81,4273.0,2026-09-14T13:39:21.195883
37,Salamanca,2025,M01,486.0,13.21,7.38,5.63,3817.0,2026-09-14T13:39:21.195883
37,Salamanca,2025,M02,487.0,23.84,10.0,8.34,3928.0,2026-09-14T13:39:21.195883
37,Salamanca,2025,M03,522.0,31.18,14.18,11.52,4079.0,2026-09-14T13:39:21.195883
37,Salamanca,2025,M04,525.0,34.8,19.88,16.98,4150.0,2026-09-14T13:39:21.195883
37,Salamanca,2025,M05,526.0,30.36,18.83,14.96,4187.0,2026-09-14T13:39:21.195883
37,Salamanca,2025,M06,532.0,31.9,17.84,14.05,4236.0,2026-09-14T13:39:21.195883
37,Salamanca,2025,M07,544.0,33.75,25.77,19.95,4363.0,2026-09-14T13:39:21.195883
37,Salamanca,2025,M08,487.0,38.68,41.57,30.27,3972.0,2026-09-14T13:39:21.195883
37,Salamanca,2025,M09,542.0,28.64,14.92,11.79,4328.0,2026-09-14T13:39:21.195883
37,Salamanca,2025,M10,541.0,24.48,12.76,10.38,4316.0,2026-09-14T13:39:21.195883
37,Salamanca,2025,M11,537.0,18.45,10.18,7.74,4229.0,2026-09-14T13:39:21.195883
37,Salamanca,2025,M12,512.0,28.09,17.45,15.4,4025.0,2026-09-14T13:39:21.195883
37,Salamanca,2026,M01,487.0,12.81,9.25,7.25,3939.0,2026-09-14T13:39:21.195883
37,Salamanca,2026,M02,486.0,25.63,14.37,11.35,4057.0,2026-09-14T13:39:21.195883
37,Salamanca,2026,M03,470.0,29.17,15.1,11.95,3979.0,2026-09-14T13:39:21.195883
37,Salamanca,2026,M04,525.0,37.89,19.62,16.78,4354.0,2026-09-14T13:39:21.195883
37,Salamanca,2026,M05,532.0,29.79,15.09,12.71,4259.0,2026-09-14T13:39:21.195883
37,Salamanca,2026,M06,526.0,32.5,16.44,14.01,4194.0,2026-09-14T13:39:21.195883
37,Salamanca,2026,M07,487.0,33.03,25.69,21.81,3972.0,2026-09-14T13:39:21.195883
38,Santa Cruz de Tenerife,2024,M08,315.0,37.19,49.24,38.57,2019.0,2026-09-14T13:39:21.195883
38,Santa Cruz de Tenerife,2024,M09,358.0,35.17,41.68,27.96,2341.0,2026-09-14T13:39:21.195883
38,Santa Cruz de Tenerife,2024,M10,373.0,35.95,46.43,31.54,2440.0,2026-09-14T13:39:21.195883
38,Santa Cruz de Tenerife,2024,M11,368.0,44.14,64.76,44.12,2417.0,2026-09-14T13:39:21.195883
38,Santa Cruz de Tenerife,2024,M12,373.0,43.14,57.04,38.62,2396.0,2026-09-14T13:39:21.195883
38,Santa Cruz de Tenerife,2025,M01,341.0,42.38,63.7,42.38,2310.0,2026-09-14T13:39:21.195883
38,Santa Cruz de Tenerife,2025,M02,336.0,45.94,66.65,45.34,2296.0,2026-09-14T13:39:21.195883
38,Santa Cruz de Tenerife,2025,M03,367.0,40.58,56.56,38.12,2560.0,2026-09-14T13:39:21.195883
38,Santa Cruz de Tenerife,2025,M04,333.0,33.25,45.83,29.69,2295.0,2026-09-14T13:39:21.195883
38,Santa Cruz de Tenerife,2025,M05,335.0,23.45,31.95,20.49,2351.0,2026-09-14T13:39:21.195883
38,Santa Cruz de Tenerife,2025,M06,330.0,19.25,25.85,16.03,2263.0,2026-09-14T13:39:21.195883
38,Santa Cruz de Tenerife,2025,M07,329.0,32.22,39.4,26.45,2296.0,2026-09-14T13:39:21.195883
38,Santa Cruz de Tenerife,2025,M08,308.0,33.52,46.62,32.06,2207.0,2026-09-14T13:39:21.195883
38,Santa Cruz de Tenerife,2025,M09,313.0,34.02,39.58,27.68,2311.0,2026-09-14T13:39:21.195883
38,Santa Cruz de Tenerife,2025,M10,330.0,30.02,40.08,27.22,2394.0,2026-09-14T13:39:21.195883
38,Santa Cruz de Tenerife,2025,M11,303.0,36.93,55.12,35.55,2221.0,2026-09-14T13:39:21.195883
38,Santa Cruz de Tenerife,2025,M12,337.0,43.12,60.11,41.39,2381.0,2026-09-14T13:39:21.195883
38,Santa Cruz de Tenerife,2026,M01,381.0,40.74,56.65,40.21,2512.0,2026-09-14T13:39:21.195883
38,Santa Cruz de Tenerife,2026,M02,384.0,47.77,57.01,43.66,2648.0,2026-09-14T13:39:21.195883
38,Santa Cruz de Tenerife,2026,M03,383.0,38.66,52.49,36.29,2643.0,2026-09-14T13:39:21.195883
38,Santa Cruz de Tenerife,2026,M04,356.0,30.58,35.18,25.85,2487.0,2026-09-14T13:39:21.195883
38,Santa Cruz de Tenerife,2026,M05,349.0,22.02,25.4,18.96,2452.0,2026-09-14T13:39:21.195883
38,Santa Cruz de Tenerife,2026,M06,364.0,19.14,21.15,15.82,2371.0,2026-09-14T13:39:21.195883
38,Santa Cruz de Tenerife,2026,M07,356.0,24.8,28.8,22.96,2385.0,2026-09-14T13:39:21.195883
39,Cantabria,2024,M08,640.0,59.77,73.34,63.58,9940.0,2026-09-14T13:39:21.195883
39,Cantabria,2024,M09,606.0,40.31,35.61,27.34,9211.0,2026-09-14T13:39:21.195883
39,Cantabria,2024,M10,507.0,34.64,20.66,16.5,7263.0,2026-09-14T13:39:21.195883
39,Cantabria,2024,M11,464.0,26.54,15.94,12.52,6373.0,2026-09-14T13:39:21.195883
39,Cantabria,2024,M12,391.0,34.14,25.43,17.99,5368.0,2026-09-14T13:39:21.195883
39,Cantabria,2025,M01,280.0,17.47,12.23,8.18,3816.0,2026-09-14T13:39:21.195883
39,Cantabria,2025,M02,316.0,24.0,14.55,9.92,4454.0,2026-09-14T13:39:21.195883
39,Cantabria,2025,M03,345.0,24.89,16.14,11.8,4795.0,2026-09-14T13:39:21.195883
39,Cantabria,2025,M04,480.0,38.12,29.52,24.42,7352.0,2026-09-14T13:39:21.195883
39,Cantabria,2025,M05,489.0,36.88,25.58,19.89,7434.0,2026-09-14T13:39:21.195883
39,Cantabria,2025,M06,531.0,44.24,30.12,25.2,8359.0,2026-09-14T13:39:21.195883
39,Cantabria,2025,M07,602.0,58.85,57.37,46.44,9605.0,2026-09-14T13:39:21.195883
39,Cantabria,2025,M08,608.0,63.86,77.07,66.56,9628.0,2026-09-14T13:39:21.195883
39,Cantabria,2025,M09,514.0,37.41,34.36,27.23,8047.0,2026-09-14T13:39:21.195883
39,Cantabria,2025,M10,461.0,33.15,22.36,16.92,7027.0,2026-09-14T13:39:21.195883
39,Cantabria,2025,M11,405.0,28.06,15.42,11.77,6221.0,2026-09-14T13:39:21.195883
39,Cantabria,2025,M12,414.0,34.05,22.28,17.0,5942.0,2026-09-14T13:39:21.195883
39,Cantabria,2026,M01,335.0,16.96,16.5,10.94,4625.0,2026-09-14T13:39:21.195883
39,Cantabria,2026,M02,306.0,23.71,13.78,9.57,4751.0,2026-09-14T13:39:21.195883
39,Cantabria,2026,M03,421.0,28.12,19.19,13.37,6347.0,2026-09-14T13:39:21.195883
39,Cantabria,2026,M04,573.0,40.78,29.17,21.35,8589.0,2026-09-14T13:39:21.195883
39,Cantabria,2026,M05,590.0,34.42,21.8,17.01,8437.0,2026-09-14T13:39:21.195883
39,Cantabria,2026,M06,588.0,38.5,32.75,24.08,8928.0,2026-09-14T13:39:21.195883
39,Cantabria,2026,M07,658.0,55.09,56.12,46.94,10379.0,2026-09-14T13:39:21.195883
40,Segovia,2024,M08,439.0,31.79,31.2,21.64,4145.0,2026-09-14T13:39:21.195883
40,Segovia,2024,M09,456.0,42.78,21.0,15.95,4343.0,2026-09-14T13:39:21.195883
40,Segovia,2024,M10,452.0,47.27,19.78,15.92,4299.0,2026-09-14T13:39:21.195883
40,Segovia,2024,M11,457.0,42.44,21.17,17.45,4346.0,2026-09-14T13:39:21.195883
40,Segovia,2024,M12,440.0,38.24,28.56,22.08,4086.0,2026-09-14T13:39:21.195883
40,Segovia,2025,M01,382.0,21.08,9.58,8.22,3520.0,2026-09-14T13:39:21.195883
40,Segovia,2025,M02,397.0,42.85,15.28,13.6,3787.0,2026-09-14T13:39:21.195883
40,Segovia,2025,M03,416.0,40.13,16.4,13.55,4032.0,2026-09-14T13:39:21.195883
40,Segovia,2025,M04,433.0,44.35,22.49,17.93,4195.0,2026-09-14T13:39:21.195883
40,Segovia,2025,M05,410.0,38.36,20.37,17.15,3987.0,2026-09-14T13:39:21.195883
40,Segovia,2025,M06,420.0,47.36,19.29,16.12,4103.0,2026-09-14T13:39:21.195883
40,Segovia,2025,M07,419.0,48.38,28.42,21.02,4052.0,2026-09-14T13:39:21.195883
40,Segovia,2025,M08,419.0,43.88,36.78,28.36,4091.0,2026-09-14T13:39:21.195883
40,Segovia,2025,M09,412.0,39.32,21.59,16.43,4041.0,2026-09-14T13:39:21.195883
40,Segovia,2025,M10,421.0,42.29,21.37,16.65,4068.0,2026-09-14T13:39:21.195883
40,Segovia,2025,M11,423.0,44.57,19.45,16.24,4086.0,2026-09-14T13:39:21.195883
40,Segovia,2025,M12,421.0,37.39,23.24,20.2,4065.0,2026-09-14T13:39:21.195883
40,Segovia,2026,M01,419.0,24.95,13.66,10.8,3921.0,2026-09-14T13:39:21.195883
40,Segovia,2026,M02,415.0,37.28,16.23,13.35,3914.0,2026-09-14T13:39:21.195883
40,Segovia,2026,M03,415.0,37.59,15.85,13.31,3981.0,2026-09-14T13:39:21.195883
40,Segovia,2026,M04,439.0,50.23,22.25,19.22,4296.0,2026-09-14T13:39:21.195883
40,Segovia,2026,M05,438.0,45.29,22.16,18.53,4234.0,2026-09-14T13:39:21.195883
40,Segovia,2026,M06,443.0,45.15,20.57,16.91,4282.0,2026-09-14T13:39:21.195883
40,Segovia,2026,M07,433.0,45.58,27.35,22.12,4186.0,2026-09-14T13:39:21.195883
41,Sevilla,2024,M08,192.0,44.44,44.91,32.44,2082.0,2026-09-14T13:39:21.195883
41,Sevilla,2024,M09,206.0,38.11,24.45,15.74,2239.0,2026-09-14T13:39:21.195883
41,Sevilla,2024,M10,201.0,32.91,16.13,11.88,2162.0,2026-09-14T13:39:21.195883
41,Sevilla,2024,M11,194.0,34.94,19.49,13.79,2112.0,2026-09-14T13:39:21.195883
41,Sevilla,2024,M12,187.0,37.42,21.27,16.92,2086.0,2026-09-14T13:39:21.195883
41,Sevilla,2025,M01,193.0,20.88,15.28,8.35,2081.0,2026-09-14T13:39:21.195883
41,Sevilla,2025,M02,195.0,29.3,20.57,12.7,2100.0,2026-09-14T13:39:21.195883
41,Sevilla,2025,M03,195.0,26.43,16.61,10.3,2208.0,2026-09-14T13:39:21.195883
41,Sevilla,2025,M04,219.0,32.49,26.66,18.09,2454.0,2026-09-14T13:39:21.195883
41,Sevilla,2025,M05,201.0,18.8,22.89,12.96,2303.0,2026-09-14T13:39:21.195883
41,Sevilla,2025,M06,205.0,27.5,22.47,15.65,2369.0,2026-09-14T13:39:21.195883
41,Sevilla,2025,M07,203.0,36.38,35.88,23.38,2253.0,2026-09-14T13:39:21.195883
41,Sevilla,2025,M08,192.0,37.21,41.53,30.64,2157.0,2026-09-14T13:39:21.195883
41,Sevilla,2025,M09,193.0,28.46,24.57,14.36,2097.0,2026-09-14T13:39:21.195883
41,Sevilla,2025,M10,184.0,32.01,22.44,15.89,1963.0,2026-09-14T13:39:21.195883
41,Sevilla,2025,M11,203.0,32.89,16.94,12.75,2233.0,2026-09-14T13:39:21.195883
41,Sevilla,2025,M12,211.0,32.18,22.73,18.29,2339.0,2026-09-14T13:39:21.195883
41,Sevilla,2026,M01,209.0,14.54,7.7,6.27,2369.0,2026-09-14T13:39:21.195883
41,Sevilla,2026,M02,207.0,24.97,14.11,9.55,2327.0,2026-09-14T13:39:21.195883
41,Sevilla,2026,M03,189.0,26.67,22.54,14.54,2033.0,2026-09-14T13:39:21.195883
41,Sevilla,2026,M04,203.0,33.07,31.39,21.11,2071.0,2026-09-14T13:39:21.195883
41,Sevilla,2026,M05,194.0,22.24,18.95,13.12,1938.0,2026-09-14T13:39:21.195883
41,Sevilla,2026,M06,198.0,28.29,22.88,16.32,2132.0,2026-09-14T13:39:21.195883
41,Sevilla,2026,M07,187.0,38.77,34.07,25.36,1923.0,2026-09-14T13:39:21.195883
42,Soria,2024,M08,329.0,45.62,53.45,40.29,3582.0,2026-09-14T13:39:21.195883
42,Soria,2024,M09,346.0,29.73,20.86,15.31,3711.0,2026-09-14T13:39:21.195883
42,Soria,2024,M10,345.0,43.68,25.55,19.36,3621.0,2026-09-14T13:39:21.195883
42,Soria,2024,M11,339.0,33.98,21.42,16.08,3590.0,2026-09-14T13:39:21.195883
42,Soria,2024,M12,303.0,28.48,22.96,17.43,3167.0,2026-09-14T13:39:21.195883
42,Soria,2025,M01,207.0,11.51,9.35,6.91,2037.0,2026-09-14T13:39:21.195883
42,Soria,2025,M02,227.0,23.3,13.5,10.35,2294.0,2026-09-14T13:39:21.195883
42,Soria,2025,M03,238.0,34.39,16.54,13.93,2475.0,2026-09-14T13:39:21.195883
42,Soria,2025,M04,253.0,41.23,25.41,18.75,2570.0,2026-09-14T13:39:21.195883
42,Soria,2025,M05,265.0,35.53,24.68,17.83,2633.0,2026-09-14T13:39:21.195883
42,Soria,2025,M06,265.0,38.74,20.17,15.81,2626.0,2026-09-14T13:39:21.195883
42,Soria,2025,M07,277.0,41.05,23.89,20.57,2675.0,2026-09-14T13:39:21.195883
42,Soria,2025,M08,257.0,37.61,42.21,31.77,2441.0,2026-09-14T13:39:21.195883
42,Soria,2025,M09,290.0,33.51,17.93,14.57,2855.0,2026-09-14T13:39:21.195883
42,Soria,2025,M10,283.0,43.51,24.15,19.19,2702.0,2026-09-14T13:39:21.195883
42,Soria,2025,M11,271.0,33.03,18.29,14.87,2621.0,2026-09-14T13:39:21.195883
42,Soria,2025,M12,268.0,24.7,20.26,16.23,2766.0,2026-09-14T13:39:21.195883
42,Soria,2026,M01,246.0,16.19,15.67,10.51,2403.0,2026-09-14T13:39:21.195883
42,Soria,2026,M02,283.0,27.35,17.96,12.52,2712.0,2026-09-14T13:39:21.195883
42,Soria,2026,M03,270.0,30.07,22.06,14.97,2660.0,2026-09-14T13:39:21.195883
42,Soria,2026,M04,309.0,41.1,30.62,23.31,3117.0,2026-09-14T13:39:21.195883
42,Soria,2026,M05,303.0,38.79,23.92,18.15,3078.0,2026-09-14T13:39:21.195883
42,Soria,2026,M06,296.0,37.93,23.05,17.04,3022.0,2026-09-14T13:39:21.195883
42,Soria,2026,M07,314.0,35.06,28.23,21.48,3149.0,2026-09-14T13:39:21.195883
43,Tarragona,2024,M08,233.0,38.08,43.34,33.52,2270.0,2026-09-14T13:39:21.195883
43,Tarragona,2024,M09,219.0,31.13,17.82,12.98,2097.0,2026-09-14T13:39:21.195883
43,Tarragona,2024,M10,183.0,38.03,19.23,15.0,1729.0,2026-09-14T13:39:21.195883
43,Tarragona,2024,M11,185.0,23.19,17.95,12.02,1843.0,2026-09-14T13:39:21.195883
43,Tarragona,2024,M12,185.0,24.71,19.36,14.83,1782.0,2026-09-14T13:39:21.195883
43,Tarragona,2025,M01,217.0,18.98,12.22,8.62,2028.0,2026-09-14T13:39:21.195883
43,Tarragona,2025,M02,211.0,21.82,11.95,9.38,1895.0,2026-09-14T13:39:21.195883
43,Tarragona,2025,M03,221.0,35.73,15.55,13.16,1994.0,2026-09-14T13:39:21.195883
43,Tarragona,2025,M04,242.0,39.57,28.54,21.82,2243.0,2026-09-14T13:39:21.195883
43,Tarragona,2025,M05,259.0,38.57,26.89,18.34,2347.0,2026-09-14T13:39:21.195883
43,Tarragona,2025,M06,267.0,42.87,31.64,21.88,2461.0,2026-09-14T13:39:21.195883
43,Tarragona,2025,M07,262.0,42.9,43.87,30.2,2398.0,2026-09-14T13:39:21.195883
43,Tarragona,2025,M08,277.0,47.18,59.04,45.03,2552.0,2026-09-14T13:39:21.195883
43,Tarragona,2025,M09,251.0,37.13,26.56,18.97,2360.0,2026-09-14T13:39:21.195883
43,Tarragona,2025,M10,253.0,31.11,19.29,13.08,2390.0,2026-09-14T13:39:21.195883
43,Tarragona,2025,M11,234.0,29.94,16.31,11.48,2157.0,2026-09-14T13:39:21.195883
43,Tarragona,2025,M12,258.0,23.87,20.71,15.16,2451.0,2026-09-14T13:39:21.195883
43,Tarragona,2026,M01,251.0,15.65,13.05,8.32,2412.0,2026-09-14T13:39:21.195883
43,Tarragona,2026,M02,272.0,24.96,20.67,12.3,2595.0,2026-09-14T13:39:21.195883
43,Tarragona,2026,M03,269.0,23.76,22.37,12.01,2541.0,2026-09-14T13:39:21.195883
43,Tarragona,2026,M04,282.0,36.57,26.7,17.8,2669.0,2026-09-14T13:39:21.195883
43,Tarragona,2026,M05,286.0,36.04,27.25,17.77,2700.0,2026-09-14T13:39:21.195883
43,Tarragona,2026,M06,283.0,36.64,29.33,18.93,2691.0,2026-09-14T13:39:21.195883
43,Tarragona,2026,M07,266.0,41.4,49.95,35.06,2527.0,2026-09-14T13:39:21.195883
44,Teruel,2024,M08,436.0,38.53,44.93,34.25,3477.0,2026-09-14T13:39:21.195883
44,Teruel,2024,M09,430.0,34.43,21.31,14.65,3454.0,2026-09-14T13:39:21.195883
44,Teruel,2024,M10,412.0,39.6,19.48,15.95,3311.0,2026-09-14T13:39:21.195883
44,Teruel,2024,M11,438.0,17.93,16.08,10.0,3477.0,2026-09-14T13:39:21.195883
44,Teruel,2024,M12,401.0,35.0,25.3,19.36,3101.0,2026-09-14T13:39:21.195883
44,Teruel,2025,M01,323.0,13.64,8.37,6.48,2516.0,2026-09-14T13:39:21.195883
44,Teruel,2025,M02,369.0,26.01,11.35,9.16,2985.0,2026-09-14T13:39:21.195883
44,Teruel,2025,M03,373.0,21.5,11.96,9.01,2902.0,2026-09-14T13:39:21.195883
44,Teruel,2025,M04,404.0,33.89,24.07,18.82,3183.0,2026-09-14T13:39:21.195883
44,Teruel,2025,M05,393.0,23.04,16.47,12.67,3094.0,2026-09-14T13:39:21.195883
44,Teruel,2025,M06,386.0,36.62,22.83,16.17,3011.0,2026-09-14T13:39:21.195883
44,Teruel,2025,M07,410.0,37.38,26.79,22.09,3204.0,2026-09-14T13:39:21.195883
44,Teruel,2025,M08,402.0,41.09,50.9,39.2,3166.0,2026-09-14T13:39:21.195883
44,Teruel,2025,M09,375.0,41.09,27.58,20.03,2813.0,2026-09-14T13:39:21.195883
44,Teruel,2025,M10,395.0,27.58,19.72,13.92,3044.0,2026-09-14T13:39:21.195883
44,Teruel,2025,M11,368.0,25.47,16.63,12.13,2788.0,2026-09-14T13:39:21.195883
44,Teruel,2025,M12,363.0,31.06,19.95,16.24,2713.0,2026-09-14T13:39:21.195883
44,Teruel,2026,M01,369.0,28.13,17.14,13.36,2829.0,2026-09-14T13:39:21.195883
44,Teruel,2026,M02,366.0,29.49,18.75,12.16,2808.0,2026-09-14T13:39:21.195883
44,Teruel,2026,M03,383.0,31.77,29.98,17.65,2929.0,2026-09-14T13:39:21.195883
44,Teruel,2026,M04,386.0,37.72,30.5,21.46,2952.0,2026-09-14T13:39:21.195883
44,Teruel,2026,M05,396.0,38.16,27.58,18.57,3020.0,2026-09-14T13:39:21.195883
44,Teruel,2026,M06,412.0,32.09,25.47,15.72,3135.0,2026-09-14T13:39:21.195883
44,Teruel,2026,M07,393.0,31.19,27.9,19.99,2983.0,2026-09-14T13:39:21.195883
45,Toledo,2024,M08,295.0,46.4,35.8,25.14,3408.0,2026-09-14T13:39:21.195883
45,Toledo,2024,M09,288.0,51.64,24.46,18.65,3299.0,2026-09-14T13:39:21.195883
45,Toledo,2024,M10,319.0,45.64,18.6,14.66,3676.0,2026-09-14T13:39:21.195883
45,Toledo,2024,M11,317.0,36.27,19.88,14.19,3629.0,2026-09-14T13:39:21.195883
45,Toledo,2024,M12,307.0,33.9,20.59,17.79,3566.0,2026-09-14T13:39:21.195883
45,Toledo,2025,M01,257.0,17.79,10.06,7.41,3027.0,2026-09-14T13:39:21.195883
45,Toledo,2025,M02,274.0,24.05,11.05,8.95,3146.0,2026-09-14T13:39:21.195883
45,Toledo,2025,M03,273.0,40.26,19.61,15.44,3111.0,2026-09-14T13:39:21.195883
45,Toledo,2025,M04,294.0,50.02,23.77,19.72,3308.0,2026-09-14T13:39:21.195883
45,Toledo,2025,M05,292.0,44.43,24.39,18.89,3322.0,2026-09-14T13:39:21.195883
45,Toledo,2025,M06,290.0,58.99,25.09,20.57,3391.0,2026-09-14T13:39:21.195883
45,Toledo,2025,M07,284.0,52.8,29.88,22.23,3321.0,2026-09-14T13:39:21.195883
45,Toledo,2025,M08,288.0,46.6,39.44,28.09,3310.0,2026-09-14T13:39:21.195883
45,Toledo,2025,M09,280.0,53.13,24.85,19.71,3282.0,2026-09-14T13:39:21.195883
45,Toledo,2025,M10,283.0,49.04,25.18,19.58,3275.0,2026-09-14T13:39:21.195883
45,Toledo,2025,M11,280.0,36.13,19.93,15.07,3271.0,2026-09-14T13:39:21.195883
45,Toledo,2025,M12,264.0,33.56,22.22,18.21,3089.0,2026-09-14T13:39:21.195883
45,Toledo,2026,M01,275.0,18.16,11.6,8.09,3234.0,2026-09-14T13:39:21.195883
45,Toledo,2026,M02,254.0,26.25,14.84,11.17,2988.0,2026-09-14T13:39:21.195883
45,Toledo,2026,M03,279.0,31.66,15.6,12.06,3360.0,2026-09-14T13:39:21.195883
45,Toledo,2026,M04,273.0,44.29,24.96,19.16,3300.0,2026-09-14T13:39:21.195883
45,Toledo,2026,M05,276.0,48.82,26.65,20.72,3429.0,2026-09-14T13:39:21.195883
45,Toledo,2026,M06,311.0,53.12,26.32,20.24,3634.0,2026-09-14T13:39:21.195883
45,Toledo,2026,M07,308.0,52.73,29.31,21.53,3655.0,2026-09-14T13:39:21.195883
46,Valencia/València,2024,M08,219.0,33.89,43.39,32.06,2153.0,2026-09-14T13:39:21.195883
46,Valencia/València,2024,M09,221.0,33.18,25.77,17.2,2171.0,2026-09-14T13:39:21.195883
46,Valencia/València,2024,M10,214.0,33.6,20.64,14.01,2163.0,2026-09-14T13:39:21.195883
46,Valencia/València,2024,M11,221.0,20.85,20.88,13.35,2245.0,2026-09-14T13:39:21.195883
46,Valencia/València,2024,M12,223.0,34.88,24.41,18.43,2235.0,2026-09-14T13:39:21.195883
46,Valencia/València,2025,M01,195.0,11.1,13.34,6.9,2006.0,2026-09-14T13:39:21.195883
46,Valencia/València,2025,M02,209.0,11.03,12.34,6.47,2181.0,2026-09-14T13:39:21.195883
46,Valencia/València,2025,M03,223.0,12.12,9.27,5.63,2336.0,2026-09-14T13:39:21.195883
46,Valencia/València,2025,M04,219.0,27.01,25.26,15.79,2273.0,2026-09-14T13:39:21.195883
46,Valencia/València,2025,M05,227.0,28.23,23.39,13.99,2349.0,2026-09-14T13:39:21.195883
46,Valencia/València,2025,M06,227.0,35.18,21.59,14.0,2279.0,2026-09-14T13:39:21.195883
46,Valencia/València,2025,M07,223.0,39.22,31.34,21.26,2383.0,2026-09-14T13:39:21.195883
46,Valencia/València,2025,M08,217.0,35.4,47.88,32.84,2325.0,2026-09-14T13:39:21.195883
46,Valencia/València,2025,M09,219.0,36.82,27.63,17.76,2358.0,2026-09-14T13:39:21.195883
46,Valencia/València,2025,M10,232.0,34.12,25.06,17.25,2491.0,2026-09-14T13:39:21.195883
46,Valencia/València,2025,M11,215.0,35.4,24.33,17.1,2380.0,2026-09-14T13:39:21.195883
46,Valencia/València,2025,M12,210.0,30.1,26.96,18.09,2294.0,2026-09-14T13:39:21.195883
46,Valencia/València,2026,M01,208.0,21.2,17.05,10.89,2039.0,2026-09-14T13:39:21.195883
46,Valencia/València,2026,M02,218.0,28.98,23.71,15.28,2308.0,2026-09-14T13:39:21.195883
46,Valencia/València,2026,M03,212.0,25.19,20.99,11.44,2340.0,2026-09-14T13:39:21.195883
46,Valencia/València,2026,M04,227.0,34.19,23.75,14.81,2421.0,2026-09-14T13:39:21.195883
46,Valencia/València,2026,M05,217.0,36.36,26.21,18.78,2369.0,2026-09-14T13:39:21.195883
46,Valencia/València,2026,M06,204.0,36.72,23.96,18.05,2226.0,2026-09-14T13:39:21.195883
46,Valencia/València,2026,M07,217.0,30.78,36.76,22.06,2396.0,2026-09-14T13:39:21.195883
47,Valladolid,2024,M08,175.0,36.6,35.58,25.02,1825.0,2026-09-14T13:39:21.195883
47,Valladolid,2024,M09,173.0,34.29,25.08,16.41,1809.0,2026-09-14T13:39:21.195883
47,Valladolid,2024,M10,172.0,32.25,20.91,14.06,1800.0,2026-09-14T13:39:21.195883
47,Valladolid,2024,M11,165.0,23.07,20.14,12.53,1752.0,2026-09-14T13:39:21.195883
47,Valladolid,2024,M12,168.0,26.31,19.03,13.87,1717.0,2026-09-14T13:39:21.195883
47,Valladolid,2025,M01,138.0,21.9,11.51,9.51,1307.0,2026-09-14T13:39:21.195883
47,Valladolid,2025,M02,150.0,26.94,14.5,11.42,1538.0,2026-09-14T13:39:21.195883
47,Valladolid,2025,M03,160.0,25.64,15.02,11.23,1713.0,2026-09-14T13:39:21.195883
47,Valladolid,2025,M04,168.0,37.89,23.71,18.39,1769.0,2026-09-14T13:39:21.195883
47,Valladolid,2025,M05,166.0,36.64,29.46,22.41,1779.0,2026-09-14T13:39:21.195883
47,Valladolid,2025,M06,165.0,39.28,26.89,19.07,1764.0,2026-09-14T13:39:21.195883
47,Valladolid,2025,M07,162.0,36.73,27.86,21.35,1775.0,2026-09-14T13:39:21.195883
47,Valladolid,2025,M08,169.0,30.93,34.15,24.75,1812.0,2026-09-14T13:39:21.195883
47,Valladolid,2025,M09,174.0,37.4,29.28,21.34,1844.0,2026-09-14T13:39:21.195883
47,Valladolid,2025,M10,164.0,31.62,27.88,19.28,1834.0,2026-09-14T13:39:21.195883
47,Valladolid,2025,M11,166.0,30.57,20.44,14.89,1772.0,2026-09-14T13:39:21.195883
47,Valladolid,2025,M12,151.0,28.1,21.61,16.71,1616.0,2026-09-14T13:39:21.195883
47,Valladolid,2026,M01,151.0,18.56,11.92,9.51,1527.0,2026-09-14T13:39:21.195883
47,Valladolid,2026,M02,149.0,25.83,13.8,10.47,1615.0,2026-09-14T13:39:21.195883
47,Valladolid,2026,M03,162.0,31.52,17.53,13.11,1788.0,2026-09-14T13:39:21.195883
47,Valladolid,2026,M04,172.0,34.38,20.41,15.92,1817.0,2026-09-14T13:39:21.195883
47,Valladolid,2026,M05,183.0,31.55,23.01,16.89,1916.0,2026-09-14T13:39:21.195883
47,Valladolid,2026,M06,176.0,33.63,24.9,17.19,1854.0,2026-09-14T13:39:21.195883
47,Valladolid,2026,M07,173.0,27.31,25.79,18.23,1930.0,2026-09-14T13:39:21.195883
48,Bizkaia,2024,M08,107.0,52.27,61.69,56.22,1282.0,2026-09-14T13:39:21.195883
48,Bizkaia,2024,M09,110.0,33.88,29.86,24.54,1344.0,2026-09-14T13:39:21.195883
48,Bizkaia,2024,M10,107.0,36.52,25.62,21.8,1292.0,2026-09-14T13:39:21.195883
48,Bizkaia,2024,M11,98.0,27.55,20.79,17.39,1207.0,2026-09-14T13:39:21.195883
48,Bizkaia,2024,M12,86.0,27.25,22.92,19.7,1046.0,2026-09-14T13:39:21.195883
48,Bizkaia,2025,M01,71.0,14.09,13.28,9.5,893.0,2026-09-14T13:39:21.195883
48,Bizkaia,2025,M02,80.0,18.96,14.69,11.54,1001.0,2026-09-14T13:39:21.195883
48,Bizkaia,2025,M03,84.0,23.32,18.81,13.66,1055.0,2026-09-14T13:39:21.195883
48,Bizkaia,2025,M04,102.0,37.87,31.19,24.84,1254.0,2026-09-14T13:39:21.195883
48,Bizkaia,2025,M05,100.0,42.68,34.17,28.94,1235.0,2026-09-14T13:39:21.195883
48,Bizkaia,2025,M06,99.0,42.7,33.45,29.82,1232.0,2026-09-14T13:39:21.195883
48,Bizkaia,2025,M07,106.0,57.29,56.88,48.4,1302.0,2026-09-14T13:39:21.195883
48,Bizkaia,2025,M08,107.0,57.35,74.62,64.26,1308.0,2026-09-14T13:39:21.195883
48,Bizkaia,2025,M09,104.0,49.93,43.38,36.82,1290.0,2026-09-14T13:39:21.195883
48,Bizkaia,2025,M10,98.0,43.51,27.57,23.82,1232.0,2026-09-14T13:39:21.195883
48,Bizkaia,2025,M11,75.0,26.16,16.68,12.48,990.0,2026-09-14T13:39:21.195883
48,Bizkaia,2025,M12,73.0,19.63,20.26,18.62,952.0,2026-09-14T13:39:21.195883
48,Bizkaia,2026,M01,69.0,13.32,12.6,7.87,839.0,2026-09-14T13:39:21.195883
48,Bizkaia,2026,M02,68.0,20.3,12.48,8.51,831.0,2026-09-14T13:39:21.195883
48,Bizkaia,2026,M03,81.0,18.07,15.95,9.95,1061.0,2026-09-14T13:39:21.195883
48,Bizkaia,2026,M04,94.0,37.1,28.21,22.95,1204.0,2026-09-14T13:39:21.195883
48,Bizkaia,2026,M05,102.0,49.75,43.73,32.57,1312.0,2026-09-14T13:39:21.195883
48,Bizkaia,2026,M06,103.0,47.13,45.88,32.54,1309.0,2026-09-14T13:39:21.195883
48,Bizkaia,2026,M07,106.0,65.23,61.27,53.49,1326.0,2026-09-14T13:39:21.195883
49,Zamora,2024,M08,230.0,45.8,47.19,35.92,2489.0,2026-09-14T13:39:21.195883
49,Zamora,2024,M09,229.0,32.09,22.13,16.62,2442.0,2026-09-14T13:39:21.195883
49,Zamora,2024,M10,224.0,35.4,19.11,14.29,2406.0,2026-09-14T13:39:21.195883
49,Zamora,2024,M11,236.0,29.34,16.58,12.99,2550.0,2026-09-14T13:39:21.195883
49,Zamora,2024,M12,207.0,29.91,19.32,14.71,2119.0,2026-09-14T13:39:21.195883
49,Zamora,2025,M01,160.0,10.94,12.45,7.47,1803.0,2026-09-14T13:39:21.195883
49,Zamora,2025,M02,165.0,16.4,13.07,8.25,1950.0,2026-09-14T13:39:21.195883
49,Zamora,2025,M03,173.0,20.95,12.15,9.09,2060.0,2026-09-14T13:39:21.195883
49,Zamora,2025,M04,227.0,27.8,18.55,14.74,2457.0,2026-09-14T13:39:21.195883
49,Zamora,2025,M05,231.0,22.56,16.75,13.24,2512.0,2026-09-14T13:39:21.195883
49,Zamora,2025,M06,218.0,27.06,16.64,11.86,2371.0,2026-09-14T13:39:21.195883
49,Zamora,2025,M07,231.0,37.93,28.65,22.25,2486.0,2026-09-14T13:39:21.195883
49,Zamora,2025,M08,224.0,34.95,37.86,29.0,2444.0,2026-09-14T13:39:21.195883
49,Zamora,2025,M09,220.0,30.12,18.82,13.83,2255.0,2026-09-14T13:39:21.195883
49,Zamora,2025,M10,215.0,22.19,13.18,10.47,2223.0,2026-09-14T13:39:21.195883
49,Zamora,2025,M11,205.0,18.6,11.26,7.58,2129.0,2026-09-14T13:39:21.195883
49,Zamora,2025,M12,199.0,25.68,17.45,14.55,2118.0,2026-09-14T13:39:21.195883
49,Zamora,2026,M01,168.0,11.87,9.21,6.91,1907.0,2026-09-14T13:39:21.195883
49,Zamora,2026,M02,169.0,16.22,9.59,8.01,1959.0,2026-09-14T13:39:21.195883
49,Zamora,2026,M03,208.0,24.18,14.88,11.67,2253.0,2026-09-14T13:39:21.195883
49,Zamora,2026,M04,226.0,30.9,21.6,17.19,2392.0,2026-09-14T13:39:21.195883
49,Zamora,2026,M05,227.0,28.56,19.89,16.59,2477.0,2026-09-14T13:39:21.195883
49,Zamora,2026,M06,233.0,28.47,16.2,13.83,2553.0,2026-09-14T13:39:21.195883
49,Zamora,2026,M07,229.0,35.84,25.75,20.15,2458.0,2026-09-14T13:39:21.195883
50,Zaragoza,2024,M08,204.0,41.82,37.65,30.15,1785.0,2026-09-14T13:39:21.195883
50,Zaragoza,2024,M09,214.0,40.66,24.34,18.38,1840.0,2026-09-14T13:39:21.195883
50,Zaragoza,2024,M10,212.0,40.66,25.18,16.86,1871.0,2026-09-14T13:39:21.195883
50,Zaragoza,2024,M11,216.0,31.44,22.45,15.91,1901.0,2026-09-14T13:39:21.195883
50,Zaragoza,2024,M12,200.0,24.31,19.56,15.56,1719.0,2026-09-14T13:39:21.195883
50,Zaragoza,2025,M01,148.0,22.31,20.98,12.39,1146.0,2026-09-14T13:39:21.195883
50,Zaragoza,2025,M02,160.0,26.08,18.08,12.82,1284.0,2026-09-14T13:39:21.195883
50,Zaragoza,2025,M03,180.0,28.64,16.79,13.09,1461.0,2026-09-14T13:39:21.195883
50,Zaragoza,2025,M04,176.0,44.35,25.34,20.49,1398.0,2026-09-14T13:39:21.195883
50,Zaragoza,2025,M05,191.0,40.14,25.02,19.05,1581.0,2026-09-14T13:39:21.195883
50,Zaragoza,2025,M06,192.0,39.87,25.79,19.1,1610.0,2026-09-14T13:39:21.195883
50,Zaragoza,2025,M07,210.0,42.94,28.16,20.8,1709.0,2026-09-14T13:39:21.195883
50,Zaragoza,2025,M08,202.0,37.22,37.54,28.53,1644.0,2026-09-14T13:39:21.195883
50,Zaragoza,2025,M09,195.0,44.26,27.72,20.39,1604.0,2026-09-14T13:39:21.195883
50,Zaragoza,2025,M10,189.0,47.59,26.64,20.82,1565.0,2026-09-14T13:39:21.195883
50,Zaragoza,2025,M11,201.0,40.24,26.38,19.2,1668.0,2026-09-14T13:39:21.195883
50,Zaragoza,2025,M12,184.0,32.35,26.53,20.83,1515.0,2026-09-14T13:39:21.195883
50,Zaragoza,2026,M01,176.0,12.71,10.86,6.65,1525.0,2026-09-14T13:39:21.195883
50,Zaragoza,2026,M02,194.0,18.46,12.86,7.82,1608.0,2026-09-14T13:39:21.195883
50,Zaragoza,2026,M03,201.0,30.72,23.06,14.15,1662.0,2026-09-14T13:39:21.195883
50,Zaragoza,2026,M04,203.0,47.8,35.5,24.25,1693.0,2026-09-14T13:39:21.195883
50,Zaragoza,2026,M05,210.0,31.94,21.64,14.9,1713.0,2026-09-14T13:39:21.195883
50,Zaragoza,2026,M06,202.0,32.64,22.8,14.14,1664.0,2026-09-14T13:39:21.195883
50,Zaragoza,2026,M07,200.0,27.07,23.11,14.62,1658.0,2026-09-14T13:39:21.195883
