cod_prov;provincia;comunidad_autonoma;temporada_alta;presion_turistica_hab;estacionalidad_cv;ocupacion_hotel_media;ocupacion_hotel_pico;ocupacion_hotel_finsemana;poblacion;viajeros_hotel_anual;estancia_media_hotel;plazas_hotel_media;puntos_turisticos_ine;adr_medio;revpar_max;plazas_rural_media;ocupacion_rural_media;viajeros_rural_anual;estancia_media_rural;cluster_saturacion;saturacion;cluster_potencial;potencial
1;Araba/Álava;País Vasco/Euskadi;Verano;1.484581537410154;0.2063756287072902;54.36;73.06;62.6;333626.0;1027118.0;2.15;5427.0;1;92.07083333333333;89.31;1022.0;23.58;15136.0;2.42;0;Desaprovechado;0;Potencial bajo
2;Albacete;Castilla-La Mancha;Verano;1.0598166970274074;0.1890403156921354;35.29;57.0;43.01;386464.0;842801.0;2.06;6324.0;1;66.4875;50.1;5170.0;17.87;63870.0;2.64;0;Desaprovechado;0;Potencial bajo
3;Alacant/Alicante;Comunitat Valenciana;Verano;2.710712619342935;0.2639281906572524;62.18;80.19;68.57;1881762.0;10134012.0;3.72;79197.0;3;106.2075;136.07;1649.0;18.13;16062.0;2.32;1;Hipersaturado;2;Potencial alto
4;Almería;Andalucía;Verano;2.166413407088353;0.6137589504960345;44.94;70.89;51.14;731792.0;3125996.0;3.39;28562.0;5;89.28750000000001;137.15;1354.0;16.26;11035.0;2.4;1;Hipersaturado;2;Potencial alto
5;Ávila;Castilla y León;Verano;2.489127072799692;0.200240148151475;35.69;45.53;51.13;158421.0;781100.0;1.59;4770.0;1;69.87416666666667;36.13;5540.0;15.06;63811.0;2.32;0;Desaprovechado;0;Potencial bajo
6;Badajoz;Extremadura;Verano;1.1216700525268568;0.2090945167450689;38.77;47.79;45.73;669943.0;1520746.0;1.7;8858.0;1;65.20333333333333;37.18;2884.0;15.29;31324.0;2.06;0;Desaprovechado;0;Potencial bajo
7;Illes Balears;Illes Balears;Verano;10.835637949613302;0.8076917898411009;64.57;89.61;66.4;1173008.0;24904104.0;5.09;215775.0;12;136.4358333333333;194.11;8120.0;50.62;44601.0;2.47;1;Hipersaturado;1;Destinos estrella
8;Barcelona;Cataluña/Catalunya;Verano;2.4991938376791203;0.183283139479139;63.88;77.32;68.06;5714730.0;27759434.0;2.49;146132.0;4;150.6266666666667;140.75;4869.0;24.66;71853.0;2.42;1;Hipersaturado;1;Destinos estrella
9;Burgos;Castilla y León;Verano;2.728522278861412;0.3143399086924776;45.11;60.06;53.42;356055.0;1961777.0;1.5;8525.0;1;73.12833333333334;60.4;4032.0;19.86;56821.0;2.36;0;Desaprovechado;2;Potencial alto
10;Cáceres;Extremadura;Verano;1.700807068523814;0.2157306390907707;36.86;48.44;48.27;389558.0;1312904.0;1.83;8692.0;1;76.46666666666667;48.71;7447.0;17.64;85758.0;2.28;0;Desaprovechado;0;Potencial bajo
11;Cádiz;Andalucía;Verano;2.4078164628077947;0.4108596354576166;52.1;80.55;61.46;1245960.0;5838740.0;2.98;42669.0;7;108.45583333333332;160.02;1247.0;22.52;12764.0;2.53;1;Hipersaturado;2;Potencial alto
12;Castelló/Castellón;Comunitat Valenciana;Verano;2.294775356690242;0.4532123604916981;49.35;71.74;58.84;587064.0;2594470.0;3.01;19260.0;1;88.20583333333333;118.75;2953.0;12.43;21933.0;2.77;0;Desaprovechado;2;Potencial alto
13;Ciudad Real;Castilla-La Mancha;Verano;0.8996408785381788;0.1835013554914922;31.11;36.27;39.66;492591.0;902606.0;1.71;6650.0;1;60.67916666666667;29.71;2129.0;13.96;26615.0;1.97;0;Desaprovechado;0;Potencial bajo
14;Córdoba;Andalucía;Primavera;1.448022564686163;0.1649222048398685;46.07;57.5;54.59;776789.0;2345441.0;1.7;11368.0;1;84.03333333333333;79.52;2161.0;11.83;13838.0;2.55;0;Desaprovechado;0;Potencial bajo
15;A Coruña;Galicia;Verano;2.11058944733398;0.4260063910732186;44.19;68.63;50.98;1120134.0;4709790.0;1.75;24481.0;2;76.73083333333334;68.24;1346.0;23.8;20512.0;1.92;0;Desaprovechado;2;Potencial alto
16;Cuenca;Castilla-La Mancha;Verano;1.53481556496655;0.2373115004214541;28.16;36.23;38.21;195516.0;608587.0;1.76;5109.0;1;71.99249999999999;32.51;4145.0;13.65;42321.0;2.31;0;Desaprovechado;0;Potencial bajo
17;Girona;Cataluña/Catalunya;Verano;5.824170222070796;0.5235808197387745;53.23;82.23;62.11;786596.0;9029827.0;2.87;58278.0;1;98.1075;126.87;6526.0;22.99;82843.0;2.49;0;Desaprovechado;1;Destinos estrella
18;Granada;Andalucía;Otoño;3.1417340867303856;0.1223685361550411;51.09;58.85;59.62;921338.0;5703208.0;2.13;31771.0;3;97.83666666666666;69.88;2101.0;15.36;17572.0;2.44;0;Desaprovechado;2;Potencial alto
19;Guadalajara;Castilla-La Mancha;Otoño;1.157989065771044;0.1616311615732258;32.56;37.98;41.21;265588.0;611152.0;1.81;4615.0;2;80.31916666666667;38.75;3570.0;15.54;43447.0;2.18;0;Desaprovechado;0;Potencial bajo
20;Gipuzkoa;País Vasco/Euskadi;Verano;2.2011258441420707;0.2148081796712047;60.26;81.13;68.87;726033.0;3261039.0;2.01;14300.0;1;140.51166666666666;193.68;1955.0;30.21;25596.0;3.02;0;Desaprovechado;2;Potencial alto
21;Huelva;Andalucía;Verano;2.2776041914288703;0.643627977491385;48.51;76.06;55.92;525835.0;2255135.0;3.5;18828.0;1;101.1875;132.45;1233.0;20.0;19131.0;2.09;0;Desaprovechado;0;Potencial bajo
22;Huesca;Aragón;Verano;4.4732681125816;0.3260174784998244;41.53;62.99;50.82;224264.0;1978348.0;2.2;14330.0;1;89.35416666666667;65.66;4405.0;20.46;47201.0;2.98;0;Desaprovechado;2;Potencial alto
23;Jaén;Andalucía;Otoño;0.924882412028253;0.1875214595212689;34.71;41.2;46.25;627190.0;1186331.0;1.8;8051.0;3;70.08166666666666;34.09;1893.0;13.93;17905.0;2.34;0;Desaprovechado;0;Potencial bajo
24;León;Castilla y León;Verano;1.932473777191359;0.32374277343697;39.89;55.05;47.03;451706.0;1795418.0;1.61;9665.0;1;64.29333333333334;47.12;3464.0;17.01;37019.0;2.35;0;Desaprovechado;0;Potencial bajo
25;Lleida;Cataluña/Catalunya;Verano;2.182022027303304;0.2471522239993452;37.68;55.33;46.88;439727.0;1992660.0;2.21;15068.0;2;90.02083333333333;72.0;3795.0;17.16;42805.0;2.51;0;Desaprovechado;2;Potencial alto
26;La Rioja;La Rioja;Verano;2.044034321880199;0.3024378079757115;44.8;63.74;58.52;319796.0;1335909.0;1.73;6774.0;1;83.22666666666667;61.25;1046.0;18.36;13883.0;2.3;0;Desaprovechado;0;Potencial bajo
27;Lugo;Galicia;Verano;2.5637014474882904;0.5173159422871373;37.08;61.46;42.17;326013.0;1689030.0;1.62;9442.0;2;62.88;55.05;1090.0;18.63;15403.0;2.03;0;Desaprovechado;0;Potencial bajo
28;Madrid;Comunidad de Madrid;Otoño;1.9969950754312047;0.0810702301210643;59.94;66.12;66.97;6751251.0;26547440.0;2.07;125824.0;2;148.82916666666668;144.16;3718.0;21.86;73203.0;1.84;0;Desaprovechado;1;Destinos estrella
29;Málaga;Andalucía;Verano;3.756579036606;0.2896042604332761;62.2;79.6;66.83;1695651.0;12569772.0;3.53;94302.0;8;139.35;181.09;8672.0;22.4;31171.0;3.69;1;Hipersaturado;1;Destinos estrella
30;Murcia;Región de Murcia;Verano;1.0079678047739655;0.2246095824412211;47.83;64.55;58.78;1518486.0;3086714.0;2.31;19186.0;2;76.59333333333333;71.24;2843.0;12.87;23329.0;2.46;0;Desaprovechado;2;Potencial alto
31;Navarra;Comunidad Foral de Navarra;Verano;1.7175093758928073;0.3100360631141254;47.0;63.79;54.84;661537.0;2227229.0;1.94;12142.0;1;78.355;72.13;5908.0;20.25;66404.0;2.94;0;Desaprovechado;2;Potencial alto
32;Ourense;Galicia;Verano;1.1507848360051502;0.1796817301146599;32.45;41.91;38.78;305223.0;682169.0;1.94;5847.0;0;65.8325;33.93;687.0;20.24;11524.0;1.83;0;Desaprovechado;0;Potencial bajo
33;Asturias;Principado de Asturias;Verano;1.927372424371808;0.4159907921190591;43.69;74.17;53.51;1011792.0;3927653.0;1.96;22452.0;3;78.52749999999999;95.97;11681.0;20.31;132450.0;3.12;0;Desaprovechado;1;Destinos estrella
34;Palencia;Castilla y León;Verano;1.335583165224386;0.3588767839992229;38.24;55.3;42.09;159123.0;442830.0;1.92;2804.0;0;62.88583333333333;44.24;1716.0;17.25;21119.0;2.35;0;Desaprovechado;0;Potencial bajo
35;Las Palmas;Canarias;Verano;5.907145433166244;0.0698636799601813;74.51;82.85;75.17;1128539.0;13315197.0;6.8;162411.0;9;142.72;133.82;663.0;37.02;5227.0;2.47;1;Hipersaturado;2;Potencial alto
36;Pontevedra;Galicia;Verano;1.923826215879908;0.4962703415402875;43.24;72.6;50.31;944275.0;3641531.0;2.03;21114.0;2;78.84083333333334;78.51;1299.0;20.4;16386.0;2.54;0;Desaprovechado;2;Potencial alto
37;Salamanca;Castilla y León;Verano;3.216018305238011;0.2625753629624615;44.53;58.83;57.58;327338.0;2120013.0;1.69;10732.0;2;70.89666666666666;45.04;4135.0;14.29;43165.0;2.22;0;Desaprovechado;0;Potencial bajo
38;Santa Cruz de Tenerife;Canarias;Verano;4.532485003423002;0.0603357617992283;72.34;81.2;74.05;1044405.0;9330239.0;5.93;103199.0;4;150.29083333333332;146.16;2418.0;30.64;11080.0;3.34;1;Hipersaturado;2;Potencial alto
39;Cantabria;Cantabria;Verano;2.321055179835314;0.4818822153674549;43.56;74.79;53.61;584507.0;2754671.0;2.15;16539.0;1;88.915;109.29;7410.0;23.56;122480.0;2.58;0;Desaprovechado;2;Potencial alto
40;Segovia;Castilla y León;Verano;3.595100967702049;0.249588091281822;42.49;58.79;55.73;153663.0;1143080.0;1.78;6159.0;1;79.42333333333333;52.59;4097.0;17.68;57452.0;2.11;0;Desaprovechado;0;Potencial bajo
41;Sevilla;Andalucía;Otoño;2.024600431654972;0.0960235868763696;60.54;70.15;68.11;1947852.0;7643709.0;2.05;36326.0;1;121.87333333333332;142.67;2132.0;16.52;17693.0;2.64;0;Desaprovechado;2;Potencial alto
42;Soria;Castilla y León;Verano;2.8649193775564243;0.2898240466519886;33.26;48.49;43.23;88747.0;519650.0;1.85;3794.0;1;74.205;40.4;2794.0;17.88;37769.0;2.33;0;Desaprovechado;0;Potencial bajo
43;Tarragona;Cataluña/Catalunya;Verano;4.03926990948658;0.6224724117109081;52.15;80.37;60.01;822309.0;6488281.0;3.32;45172.0;1;94.52833333333332;135.27;2504.0;18.83;26421.0;2.39;0;Desaprovechado;2;Potencial alto
44;Teruel;Aragón;Verano;3.431862945482924;0.2473945486297583;35.18;47.14;45.76;134545.0;928657.0;2.04;7124.0;2;75.55666666666666;46.2;2932.0;18.37;34395.0;2.65;0;Desaprovechado;0;Potencial bajo
45;Toledo;Castilla-La Mancha;Otoño;1.3158937867474485;0.2222859851374357;41.77;51.89;52.78;709403.0;1867568.0;1.67;10135.0;1;83.94;60.95;3319.0;17.8;46597.0;2.05;0;Desaprovechado;0;Potencial bajo
46;València/Valencia;Comunitat Valenciana;Verano;1.4501821333234466;0.1771371939450677;60.33;75.11;68.72;2589312.0;7376022.0;2.37;39926.0;2;102.94083333333332;101.31;2329.0;17.86;25134.0;2.56;0;Desaprovechado;2;Potencial alto
47;Valladolid;Castilla y León;Verano;1.386266970373209;0.1491376960107247;45.69;51.88;55.93;519361.0;1406899.0;1.76;7466.0;1;82.40583333333333;60.62;1777.0;16.52;24433.0;1.95;0;Desaprovechado;0;Potencial bajo
48;Bizkaia;País Vasco/Euskadi;Verano;1.5563164560690406;0.2324533520562717;57.69;78.61;67.32;1154334.0;3531318.0;1.93;16346.0;1;108.8375;116.54;1138.0;26.99;15211.0;2.65;0;Desaprovechado;2;Potencial alto
49;Zamora;Castilla y León;Verano;1.2839176174248037;0.2878872802209109;32.08;45.78;39.54;168725.0;430823.0;1.67;2980.0;1;71.42;41.71;2264.0;14.15;26622.0;2.13;0;Desaprovechado;0;Potencial bajo
50;Zaragoza;Aragón;Verano;1.6479618627074004;0.1570965176699248;50.53;55.64;60.7;967452.0;3184172.0;1.76;14951.0;1;77.81166666666667;60.11;1627.0;17.19;16600.0;2.59;0;Desaprovechado;2;Potencial alto
51;Ceuta;Ciudad Autónoma de Ceuta;Sin datos;0.75246955709616;0.2613471972374798;50.33;69.68;58.14;83517.0;0.0;0.0;683.0;0;79.8575;53.77;0.0;0.0;0.0;0.0;2;Grandes metrópolis;3;Ciudades pequeñas
52;Melilla;Ciudad Autónoma de Melilla;Sin datos;0.8005123984187524;0.1746082268281807;45.51;57.07;55.64;86261.0;0.0;0.0;827.0;0;83.765;69.68;0.0;0.0;0.0;0.0;2;Grandes metrópolis;3;Ciudades pequeñas
